Source,Target
Timme200,AirSmolik
ElderGrizzly,AirSmolik
mclarenmerc,AirSmolik
wdowell,AirSmolik
chris_sutter,AirSmolik
stiggyiggy,AirSmolik
bjornmoerman,AirSmolik
Dracunculus2010,AirSmolik
Dracunculus2010,abundare78
sirhenry33,AirSmolik
ConsumerSOS,AP
alosalot,AP
KSLAndrew,AP
ubayinO,AP
Servando2011,AP
NYCTravelBug,AP
bad_robot_57,AP
KellyMaster_,AP
TruJokerStyle,AP
TruJokerStyle,BreaKBeatJunkee
IKEDA_,AP
jonnyplavery,AP
NBCNews,germanwings
CumpsonDoug,NBCNews
CumpsonDoug,germanwings
good2naveed,NBCNews
ayejay_d,NBCNews
ayejay_d,NBCNews
HawsonDPierre,NBCNews
HawsonDPierre,germanwings
packingpeanut11,NBCNews
packingpeanut11,NBCNews
ColleenRussell2,NBCNews
justabedroom,HawsonDPierre
justabedroom,NBCNews
justabedroom,germanwings
Archvin_NOW26,NBCNews
Archvin_NOW26,NBCNews
onchan4g,NBCNews
onchan4g,NBCNews
RealAbril,NBCNews
RealAbril,NBCNews
Stephen_WPMI,NBCNews
Stephen_WPMI,NBCNews
tonimugo,NBCNews
tonimugo,germanwings
KerryLeary,NBCNews
stephen_quinn,NBCNews
stephen_quinn,NBCNews
BlakeKARE11,NBCNews
BlakeKARE11,NBCNews
NBCNews,germanwings
HawsonDPierre,justabedroom
HawsonDPierre,NBCNews
HawsonDPierre,germanwings
TSalommy,NBCNews
TSalommy,germanwings
JMichaelsNews,germanwings
JMichaelsNews,NBCNews
stewart_emily,NBCNews
stewart_emily,germanwings
maggieKTVB7,NBCNews
CumpsonDoug,NBCNews
CumpsonDoug,SusanHendricks
KimInsley,NBCNews
KimInsley,NBCNews
KimInsley,kare11
justabedroom,HawsonDPierre
VassyKapelos,NBCNews
VassyKapelos,NBCNews
CumpsonDoug,Figenozavci
AsapBasile98,NBCNews
jlenmartin,NBCNews
jlenmartin,NBCNews
sunny22457,NBCNews
RicoBushWAVY,NBCNews
RicoBushWAVY,NBCNews
JordanNBCDC,NBCNews
JordanNBCDC,NBCNews
Figenozavci,NBCNews
bloggerguy69,jjauthor
bloggerguy69,gatewaypundit
MotherGoos3,jjauthor
MotherGoos3,DesireeAaron
MotherGoos3,gatewaypundit
georgejgalatis,jjauthor
georgejgalatis,gatewaypundit
michael63mcc,jjauthor
michael63mcc,gatewaypundit
2APatriot2100,jjauthor
2APatriot2100,gatewaypundit
ronaldroeo4_roe,jjauthor
ronaldroeo4_roe,gatewaypundit
jtaylor2014us,jjauthor
jtaylor2014us,gatewaypundit
rupalthegreat,TimesNow
FeelFreetuRT,_hadji_911
FeelFreetuRT,ChristieC733
FeelFreetuRT,gatewaypundit
MuslimMahamat,HamIzgood
kuhnu2012,_hadji_911
kuhnu2012,BobG231
kuhnu2012,gatewaypundit
Purpledogflower,_hadji_911
Purpledogflower,BobG231
Purpledogflower,gatewaypundit
BeauRyker,_hadji_911
BeauRyker,ChristieC733
BeauRyker,gatewaypundit
HamIzgood,MuslimMahamat
HamIzgood,_hadji_911
HamIzgood,gatewaypundit
HamIzgood,PaulSmitheringa
HamIzgood,nostradamus9192
HamIzgood,HajiSlayer666
HamIzgood,MuslimMahamat
HamIzgood,MuslimMahamat
HamIzgood,_hadji_911
HamIzgood,gatewaypundit
HamIzgood,PaulSmitheringa
HamIzgood,nostradamus9192
HamIzgood,HajiSlayer666
HamIzgood,MuslimMahamat
HamIzgood,_hadji_911
HamIzgood,gatewaypundit
HamIzgood,PaulSmitheringa
HamIzgood,nostradamus9192
HamIzgood,HajiSlayer666
HamIzgood,MuslimMahamat
HamIzgood,_hadji_911
HamIzgood,gatewaypundit
HamIzgood,PaulSmitheringa
HamIzgood,nostradamus9192
HamIzgood,HajiSlayer666
_hadji_911,Lee98Walker
HamIzgood,MuslimMahamat
HamIzgood,_hadji_911
HamIzgood,gatewaypundit
HamIzgood,PaulSmitheringa
HamIzgood,nostradamus9192
HamIzgood,HajiSlayer666
MuslimMahamat,HamIzgood
MuslimMahamat,_hadji_911
MuslimMahamat,gatewaypundit
MuslimMahamat,PaulSmitheringa
MuslimMahamat,nostradamus9192
MuslimMahamat,HajiSlayer666
HamIzgood,MuslimMahamat
HamIzgood,_hadji_911
HamIzgood,gatewaypundit
HamIzgood,PaulSmitheringa
HamIzgood,nostradamus9192
HamIzgood,HajiSlayer666
SSC1974,_hadji_911
SSC1974,BobG231
SSC1974,gatewaypundit
Lee98Walker,_hadji_911
Lee98Walker,BobG231
Lee98Walker,gatewaypundit
HamIzgood,MuslimMahamat
HamIzgood,_hadji_911
HamIzgood,gatewaypundit
HamIzgood,PaulSmitheringa
HamIzgood,nostradamus9192
HamIzgood,HajiSlayer666
_hadji_911,FeelFreetuRT
_hadji_911,ChristieC733
MuslimMahamat,_hadji_911
MuslimMahamat,HamIzgood
MuslimMahamat,gatewaypundit
MuslimMahamat,PaulSmitheringa
MuslimMahamat,nostradamus9192
MuslimMahamat,HajiSlayer666
itsmy_page,_hadji_911
itsmy_page,gatewaypundit
MuslimMahamat,HamIzgood
MuslimMahamat,_hadji_911
MuslimMahamat,gatewaypundit
MuslimMahamat,PaulSmitheringa
MuslimMahamat,nostradamus9192
MuslimMahamat,HajiSlayer666
ThomasStahley,_hadji_911
ThomasStahley,BobG231
ThomasStahley,gatewaypundit
MuslimMahamat,HamIzgood
MuslimMahamat,_hadji_911
MuslimMahamat,gatewaypundit
MuslimMahamat,PaulSmitheringa
MuslimMahamat,nostradamus9192
MuslimMahamat,HajiSlayer666
MuslimMahamat,HamIzgood
MuslimMahamat,_hadji_911
MuslimMahamat,gatewaypundit
MuslimMahamat,PaulSmitheringa
MuslimMahamat,nostradamus9192
MuslimMahamat,HajiSlayer666
HajiSlayer666,MuslimMahamat
HajiSlayer666,HamIzgood
HajiSlayer666,_hadji_911
HajiSlayer666,gatewaypundit
HajiSlayer666,PaulSmitheringa
HajiSlayer666,nostradamus9192
citysue1,_hadji_911
citysue1,ChristieC733
citysue1,gatewaypundit
TexasLiberty15,_hadji_911
TexasLiberty15,ChristieC733
TexasLiberty15,gatewaypundit
TweTweetie,_hadji_911
TweTweetie,Haji_HuntingGrl
TweTweetie,gatewaypundit
GROGParty,riwired
GROGParty,PaulSte42038667
GROGParty,riwired
_manckie_,riwired
GJogillum345,riwired
BeNaums,riwired
BeNaums,bean3ie
PaulSte42038667,GROGParty
PaulSte42038667,riwired
sanitizer911,BeNaums
sanitizer911,riwired
sanitizer911,bean3ie
GROGParty,PaulSte42038667
GROGParty,riwired
PaulSte42038667,GROGParty
PaulSte42038667,riwired
GROGParty,PaulSte42038667
GROGParty,riwired
PaulSte42038667,GROGParty
PaulSte42038667,riwired
NinaMaechik,riwired
GROGParty,PaulSte42038667
GROGParty,riwired
riwired,MIFheili1960
BeNaums,riwired
BeNaums,bean3ie
Greyhound1405,riwired
PaulSte42038667,GROGParty
PaulSte42038667,riwired
MIFheili1960,riwired
BeNaums,sanitizer911
BeNaums,riwired
BeNaums,bean3ie
Bacon_Eater,riwired
Bacon_Eater,MIFheili1960
GROGParty,PaulSte42038667
GROGParty,riwired
bean3ie,riwired
PaulSte42038667,GROGParty
PaulSte42038667,riwired
DJobling,9NewsAUS
DiHarsh,9NewsAUS
nathaningz,9NewsAUS
AlisonHale24,9NewsAUS
RxquelMallillin,camiejuan
faratuhraaadj,ANCALERTS
faratuhraaadj,BBCBreaking
riolm_21,ANCALERTS
riolm_21,BBCBreaking
camiejuan,ANCALERTS
camiejuan,BBCBreaking
KatDeCastro,ANCALERTS
KatDeCastro,BBCBreaking
RxquelMallillin,camiejuan
camiejuan,RxquelMallillin
criskty14,ANCALERTS
criskty14,BBCBreaking
AyatBak,twita_to
AyatBak,ashwinkr88
twita_to,AyatBak
twita_to,ashwinkr88
twita_to,ashwinkr88
twita_to,HDLindiaOrg
AyatBak,krishnansram
twita_to,AyatBak
twita_to,ashwinkr88
twita_to,AyatBak
twita_to,ashwinkr88
krishnansram,AyatBak
AyatBak,twita_to
AyatBak,ashwinkr88
ashwinkr88,twita_to
ashwinkr88,AyatBak
twita_to,AyatBak
twita_to,ashwinkr88
AyatBak,twita_to
AyatBak,ashwinkr88
twita_to,HDLindiaOrg
twita_to,AyatBak
twita_to,ashwinkr88
krishnansram,AyatBak
AyatBak,twita_to
AyatBak,ashwinkr88
ashwinkr88,HDLindiaOrg
AyatBak,twita_to
AyatBak,ashwinkr88
AyatBak,twita_to
AyatBak,ashwinkr88
ashwinkr88,twita_to
ashwinkr88,AyatBak
ashwinkr88,twita_to
ashwinkr88,AyatBak
RavenHUWolf,JohnnyTobin
AllmanWade,Kruising_Bye
AllmanWade,parkman_sandi
AllmanWade,Welsh58
AllmanWade,RavenHUWolf
ajsmite,RavenHUWolf
parkman_sandi,RavenHUWolf
parkman_sandi,AllmanWade
parkman_sandi,Welsh58
parkman_sandi,RavenHUWolf
RuparelSuresh,RavenHUWolf
RuparelSuresh,RavenHUWolf
retiredorange,CVN70MM2Nuke
retiredorange,RavenHUWolf
Innenwelttramp,parkman_sandi
Innenwelttramp,RavenHUWolf
AllmanWade,Kruising_Bye
AllmanWade,parkman_sandi
AllmanWade,Welsh58
AllmanWade,RavenHUWolf
AllmanWade,Kruising_Bye
AllmanWade,parkman_sandi
AllmanWade,Welsh58
AllmanWade,RavenHUWolf
ajsmite,RavenHUWolf
AllmanWade,parkman_sandi
AllmanWade,Welsh58
AllmanWade,RavenHUWolf
RavenHUWolf,RavenHUWolf
RuparelSuresh,parkman_sandi
RuparelSuresh,RavenHUWolf
Kruising_Bye,AllmanWade
Kruising_Bye,parkman_sandi
Kruising_Bye,Welsh58
Kruising_Bye,RavenHUWolf
AllmanWade,Kruising_Bye
AllmanWade,parkman_sandi
AllmanWade,Welsh58
AllmanWade,RavenHUWolf
JohnnyTobin,RavenHUWolf
CVN70MM2Nuke,RavenHUWolf
RavenHUWolf,CVN70MM2Nuke
RavenHUWolf,RavenHUWolf
DanOClunaigh,Zone6Combat
OkKelly22,DanOClunaigh
OkKelly22,Zone6Combat
Zone6Combat,SimZombie
Zone6Combat,ellepuntopi
DanOClunaigh,OkKelly22
DanOClunaigh,Zone6Combat
DanOClunaigh,Zone6Combat
DanOClunaigh,Zone6Combat
DanOClunaigh,Zone6Combat
DanOClunaigh,Zone6Combat
DanOClunaigh,Zone6Combat
RoRoscoe,Zone6Combat
SimZombie,ellepuntopi
SimZombie,Zone6Combat
DanOClunaigh,Zone6Combat
DanOClunaigh,Zone6Combat
SimZombie,Zone6Combat
SimZombie,ellepuntopi
DanOClunaigh,OkKelly22
DanOClunaigh,Zone6Combat
OkKelly22,DanOClunaigh
OkKelly22,Zone6Combat
DanOClunaigh,Zone6Combat
Zone6Combat,DanOClunaigh
DanOClunaigh,OkKelly22
DanOClunaigh,Zone6Combat
DanOClunaigh,Zone6Combat
DanOClunaigh,Zone6Combat
OkKelly22,DanOClunaigh
OkKelly22,Zone6Combat
avinashkc,SkyNews
avinashkc,sugincharles
samgbartrop,SkyNews
BlessedmanEzeo1,SkyNews
wheeliesmom,magiorNYT
wheeliesmom,Sulliview
wheeliesmom,magiorNYT
wheeliesmom,NYT
wheeliesmom,Sulliview
kakar_10,SaraTimes
concegtz,salmanfariz4
concegtz,SaraTimes
humblelion33,SaraTimes
vladdnewnoise,SaraTimes
Halide_y,SaraTimes
flavsanchez78,SaraTimes
salmanfariz4,SaraTimes
drnancho,SaraTimes
Camille___,SaraTimes
khankabeer50,SaraTimes
Heffevi,TerryMoran
mrwizard68,abcnews
bluecow100,abcnews
awdnewsgerman,abcnews
Garr_Bero,abcnews
Garr_Bero,abcnews
airlinestrategy,BlarryOfficial
airlinestrategy,airlivenet
TheFox720p,airlivenet
TheFox720p,BILD
kinghaunst,airlivenet
maggielaw70,airlivenet
Ms_Verstand,airlivenet
BlarryOfficial,airlivenet
BlarryOfficial,BILD
DHamamdjian,AP
SMillerWATE,AP
bryanshawver,AP
makoipopioco,AP
AshliKIRO7,AP
guy1749,AP
guy1749,FAANews
guy1749,AirportKRAL
viannahlee,AP
LaurenEPrince,AP
guy1749,AP
guy1749,FAANews
guy1749,AirportKRAL
lfrenchnews,AP
guy1749,AP
guy1749,FAANews
guy1749,AirportKRAL
owm4xst,AP
ALPERERDN,AP
Shimmerinbloom,AP
C3SI0,AP
bay_lara,AP
guy1749,AP
guy1749,FAANews
guy1749,AirportKRAL
nataliaecg,AP
BlakeKARE11,AP
beckized,slone
beckized,ianslessor
radiradi,slone
Wauwelwok,Allochtoons
Wauwelwok,slone
Swohtz,slone
Swohtz,SemperFiCop
haridasdr,slone
haridasdr,sharmila_swamy
ianslessor,slone
ianslessor,slone
slone,ianslessor
slone,slone
CrueIAM,slone
maryjones1417,slone
viptandon,slone
Allochtoons,Wauwelwok
Allochtoons,slone
BenRoZero,slone
Allochtoons,slone
Allochtoons,Wauwelwok
fiddlestix007,slone
fiddlestix007,ianslessor
beckized,slone
KatjaSherlocked,_icla_
KatjaSherlocked,BBCBreaking
claudiapapo,Larryputt
claudiapapo,BBCBreaking
ATEEKSTER,BBCBreaking
fukuda326,BBCBreaking
PRChick101,BBCBreaking
CSWrite2Inspire,_icla_
CSWrite2Inspire,BBCBreaking
_icla_,KatjaSherlocked
Rippersspot,BBCBreaking
Rippersspot,BBCWorld
WLKYAnnalysa,BBCBreaking
fukuda326,BBCBreaking
davis1087,BBCBreaking
davis1087,CSWrite2Inspire
makoipopioco,BBCBreaking
Larryputt,BBCBreaking
Larryputt,claudiapapo
CSWrite2Inspire,davis1087
CSWrite2Inspire,BBCBreaking
Servando2011,BBCBreaking
1776BetsyRoss,Larryputt
1776BetsyRoss,BBCBreaking
1776BetsyRoss,claudiapapo
alexandragunn,BBCBreaking
LeighFowle,BBCBreaking
CSWrite2Inspire,BBCBreaking
_icla_,BBCBreaking
BarrisDeManresa,BBCBreaking
adamwride,thatjohn
adamwride,AirlineReporter
miami_rick,thatjohn
miami_rick,AirlineReporter
Zucchiniblute,Lufthansa_DE
lotirant,Lufthansa_DE
lotirant,LauraBorras
terilassie,Lufthansa_DE
terilassie,ThisWeekGermany
laicklee,Lufthansa_DE
f89fbdb50036485,Lufthansa_DE
xcrucifier,WSJ
pujivohocug,WSJ
miladsharrr,WSJ
miladsharrr,shahinnajafi80
ReVunZeL,WSJ
OGChoe,WSJ
aliphex,WSJ
mabelgasca,WSJ
ParisBurned,WSJ
himawarirome,WSJ
Mohammad_ziyari,WSJ
Mohammad_ziyari,shahinnajafi80
PatrickOmune,WSJ
NatalieBrand,WSJ
J_Slaven13,EddieSureman
HarryDoyleESPN,FoxNews
EddieSureman,J_Slaven13
TeachESL,FoxNews
KhawandE,FoxNews
jonr402_jon,FoxNews
gbemy01,FoxNews
msft9,FoxNews
AKostadaras,FoxNews
Rfravel,FoxNews
Rfravel,AirCrashMayday
rickfowler77,HippoluATX
rickfowler77,FoxNews
topnotch36532,FoxNews
J_Slaven13,EddieSureman
EddieSureman,J_Slaven13
Williams01Dave,FoxNews
USAFMEDIC21,FoxNews
CalTexAzBoy,FoxNews
lonilynn910,FoxNews
apostlelaurinda,FoxNews
bd21ah,FoxNews
bd21ah,debrajsaunders
bd21ah,hknightsf
bd21ah,annkillion
bd21ah,MissBigelow
EddieSureman,FoxNews
HippoluATX,FoxNews
J_Slaven13,EddieSureman
FoxInNotts,skymarkwhite
FoxInNotts,KayBurley
leonidasmujahid,Independent
newborl,Independent
andsto42,Independent
newborl,Independent
luke_neo,Independent
raider_truth,Independent
keysrgood,Independent
rahulhunjan,Independent
keysrgood,Independent
juancarlosfeli,airlivenet
PollyR_Aviation,jwparkin
PollyR_Aviation,airlivenet
jwparkin,airlivenet
jwparkin,PollyR_Aviation
Crazy_Dymnd,airlivenet
jwparkin,PollyR_Aviation
jwparkin,airlivenet
PollyR_Aviation,jwparkin
PollyR_Aviation,airlivenet
Steve_o_herts,airlivenet
Steve_o_herts,skymarkwhite
Kiteaton,airlivenet
BefriendsRadio,Kiteaton
BefriendsRadio,airlivenet
cleamounette,Kiteaton
cleamounette,airlivenet
AliMaolud,KhaledBeydoun
Drgregmeek,KhaledBeydoun
chriswpalmer,KhaledBeydoun
cbecker55373,KhaledBeydoun
cbecker55373,MEastQuagmire
ChurchHopJoshua,absurdistwords
ChurchHopJoshua,KhaledBeydoun
SecureUSATalk,KhaledBeydoun
nobigotry,KhaledBeydoun
ChurchHopJoshua,absurdistwords
fatimazaahn,KhaledBeydoun
MDTwankyTwank,KhaledBeydoun
earldunbar,KhaledBeydoun
earldunbar,StlGal_36
absurdistwords,KhaledBeydoun
dhtorch,KhaledBeydoun
dhtorch,yasminehajjaji
dinkidie,KhaledBeydoun
notpotus34,absurdistwords
notpotus34,KhaledBeydoun
JeannetteBay,KhaledBeydoun
kleighholmquist,absurdistwords
kleighholmquist,KhaledBeydoun
absurdistwords,ChurchHopJoshua
yasminehajjaji,dhtorch
kayski,KhaledBeydoun
alexfink,AJENews
alexfink,germanwings
rjtweetuk,AJENews
rjtweetuk,germanwings
marmotte96,Conservative_VW
marmotte96,LACPURE
cdan6081,Conservative_VW
alhadryhamood,Independent
tahira1214,Independent
Hwan_chang_ota,Independent
LiamPLEdwards,BBCBreaking
BeatsAustralia,BBCBreaking
tzytgsk,BBCBreaking
TDuman06,BBCBreaking
AbeniBuddha,BBCBreaking
AbeniBuddha,DimitraCee
Evilmonkey363,woteverchanges
Evilmonkey363,BBCBreaking
Evilmonkey363,fhollande
jooilong,BBCBreaking
Nergui_ckia,BBCBreaking
MissJW77,BBCBreaking
WONWOOKIM2,BBCBreaking
ClementAkpabio,BBCBreaking
iyawe,BBCBreaking
biswajitmitra29,BBCBreaking
realBKW,BBCBreaking
woteverchanges,BBCBreaking
woteverchanges,fhollande
Nk461512,BBCBreaking
WONWOOKIM2,BBCBreaking
marnie_hud,BBCBreaking
Blue_petee,BBCBreaking
isoladipanarea,BBCBreaking
isoladipanarea,BBCWorld
IloveDawgs83,BBCBreaking
Kaleivani_,BBCBreaking
castlefordtiger,BBCBreaking
LesJohnsLes,torin
onkurc,torin
Steve_Gwen,JulieB_LFC
Steve_Gwen,JulieB_LFC
JulieB_LFC,planefinder
JulieB_LFC,cruevertonian
JulieB_LFC,Steve_Gwen
JulieB_LFC,Steve_Gwen
Steve_Gwen,JulieB_LFC
JulieB_LFC,Steve_Gwen
Steve_Gwen,JulieB_LFC
JulieB_LFC,cruevertonian
JulieB_LFC,Steve_Gwen
JulieB_LFC,Steve_Gwen
Steve_Gwen,JulieB_LFC
Steve_Gwen,JulieB_LFC
Steve_Gwen,JulieB_LFC
JulieB_LFC,cruevertonian
tuggysts11,JulieB_LFC
Steve_Gwen,JulieB_LFC
JulieB_LFC,tuggysts11
JulieB_LFC,Steve_Gwen
Steve_Gwen,JulieB_LFC
tuggysts11,JulieB_LFC
Steve_Gwen,JulieB_LFC
Steve_Gwen,JulieB_LFC
Steve_Gwen,JulieB_LFC
tuggysts11,JulieB_LFC
JulieB_LFC,Steve_Gwen
JulieB_LFC,tuggysts11
JulieB_LFC,Steve_Gwen
JulieB_LFC,Steve_Gwen
LNichilson,RT_com
LNichilson,RT_com
awdnewsgerman,RT_com
awdnewsgerman,flightradar24
digi051669,RT_com
digi051669,flightradar24
likugezesut,RT_com
awdnewsgerman,RT_com
awdnewsgerman,flightradar24
JuergenMeyer2,RT_com
JuergenMeyer2,flightradar24
willambeIli,SputnikInt
ElRicicle,SputnikInt
7dimensionalET,SputnikInt
7dimensionalET,marcelsardo
0opst,SputnikInt
0opst,flightradar24
nacimdilmi,9NewsAUS
nacimdilmi,Globalgallop
_niallsgravity,9NewsAUS
ShaunaghG,flybyday63
ShaunaghG,robdelaney
ShaunaghG,static_king1
ShaunaghG,flybyday63
ShaunaghG,robdelaney
static_king1,ShaunaghG
static_king1,flybyday63
static_king1,robdelaney
flybyday63,_SuperBrad_
flybyday63,Brydon_N
flybyday63,_SuperBrad_
flybyday63,Brydon_N
silverstrivers,flybyday63
silverstrivers,anthea_bailey
_SuperBrad_,flybyday63
_SuperBrad_,Brydon_N
ar_predictions,flybyday63
_SuperBrad_,flybyday63
_SuperBrad_,Brydon_N
flybyday63,_SuperBrad_
flybyday63,Brydon_N
KindLadyAdilah,flybyday63
KindLadyAdilah,compassiom
CateStar86,nr100ap
CateStar86,flybyday63
MCEngineer1349,flybyday63
MCEngineer1349,Hutch_USA
nr100ap,flybyday63
Gibbsyxxx,flybyday63
malvikakapoor8,flybyday63
DegusLocke,flybyday63
DegusLocke,compassiom
maidhci,BuzzFeedNews
BarryHayes,BuzzFeedNews
AutismMama06,BuzzFeedNews
rshak8,BuzzFeedNews
Douglas_Nilsson,rshak8
Douglas_Nilsson,BuzzFeedNews
sian_eckles,DailyMirror
DinesChris,DailyMirror
Linda_Sgoluppi,DailyMirror
ToddWFAA8,JasonWhitely
ToddWFAA8,nytimes
LynnEva0806805,JasonWhitely
LynnEva0806805,nytimes
JasonWhitely,ToddWFAA8
JasonWhitely,MissFit_
JasonWhitely,nytimes
slsandpet,WSJ
slsandpet,jurylady5
Humoritarian,WSJ
fifarahman,WSJ
vjg_503,WSJ
misssaxbys,WSJ
_Vzla,WSJ
Mononoke__Hime,WSJ
EdWardMDBlog,WSJ
ardatikk,WSJ
patsify,WSJ
xcrucifier,WSJ
brianlian,WSJ
SecularFraud,WSJ
missanemixx,Dakeb_MCFC
WillsKyle,SkyNewsBreak
Dakeb_MCFC,SkyNewsBreak
DLachine,SkyNewsBreak
its_karim,SkyNewsBreak
Dakeb_MCFC,missanemixx
Dakeb_MCFC,missanemixx
CrazySadie92,SkyNewsBreak
CrazySadie92,BBCwestcott
dan_langshaw,globalscale36
dan_langshaw,itvnews
globalscale36,dan_langshaw
globalscale36,itvnews
ristau22,itvnews
SerahTopedo,itvnews
LeonCallander94,itvnews
Undercover_mole,itvnews
dan_langshaw,globalscale36
dan_langshaw,itvnews
PollyR_Aviation,itvnews
ty4e87,itvnews
dan_langshaw,itvnews
globalscale36,dan_langshaw
globalscale36,itvnews
globalscale36,ristau22
globalscale36,itvnews
DeniseD72,PSYCHICTWINS
DeniseD72,itvnews
DeniseD72,ItsBouquet
peterodwyer1,itvnews
TeachESL,delaynelee
TeachESL,delaynelee
JSTNBCHM,rConflictNews
HappyWindl,rConflictNews
mannmitdemkoks,rConflictNews
delaynelee,TeachESL
delaynelee,rConflictNews
delaynelee,TeachESL
lucyham,AP
Rebeca_Snz,AP
Grady_Trimble,AP
bowley115,AP
dfjww,AP
Peyto_Lake_,AP
Peyto_Lake_,NorthmanTrader
CarolainaGondra,AP
greg_kemper,thatjohn
ThomasOConnor01,SkyNews
ThomasOConnor01,RobPortley
BiroSandor,SkyNews
YorkieyBoyPaul,SkyNews
Anglozion76,SkyNews
darren45336667,SkyNews
katzeye75,SkyNews
Lins1969_,SkyNews
RajBinnor,LonWasBer
RajBinnor,SkyNews
ThomasOConnor01,RobPortley
ThomasOConnor01,SkyNews
Blessoboy,henkvaness
MudTrek,henkvaness
varadigabor,henkvaness
Mariannesaade,Independent
Mariannesaade,ninagarcia
ELIO_DAN1920,BreakingNews
ELIO_DAN1920,Morning_Joe
SPRobinson22,bonniebell
SPRobinson22,BreakingNews
SPRobinson22,Morning_Joe
bonniebell,SPRobinson22
bonniebell,BreakingNews
bonniebell,Morning_Joe
RayFlo13,BreakingNews
RayFlo13,Morning_Joe
janetgkent3024,BreakingNews
janetgkent3024,Morning_Joe
andya09,BreakingNews
andya09,Morning_Joe
Britt_tastic,BreakingNews
Britt_tastic,11
bonniebell,SPRobinson22
bonniebell,BreakingNews
bonniebell,Morning_Joe
GXaalim,BreakingNews
SPRobinson22,BreakingNews
SPRobinson22,Morning_Joe
SPRobinson22,bonniebell
Wolkenmeister,crashpilotin
Wolkenmeister,RalphMahlo
anaevamoya,SecularFraud
anaevamoya,airlivenet
anaevamoya,ShekharGupta
A3803,airlivenet
orientation_SMC,airlivenet
orientation_SMC,ShekharGupta
EDDFSpotting,crashpilotin
EDDFSpotting,Wolkenmeister
EDDFSpotting,RalphMahlo
Wolkenmeister,crashpilotin
Wolkenmeister,RalphMahlo
RalphMahlo,airlivenet
schnassn,RalphMahlo
schnassn,airlivenet
ervijaysharma,airlivenet
ervijaysharma,ShekharGupta
RalphMahlo,schnassn
RalphMahlo,airlivenet
Autopilotuser,crashpilotin
Autopilotuser,Wolkenmeister
Autopilotuser,RalphMahlo
jackrosslav,anaevamoya
jackrosslav,SecularFraud
jackrosslav,airlivenet
jackrosslav,ShekharGupta
lunchforone,RalphMahlo
SecularFraud,anaevamoya
SecularFraud,airlivenet
SecularFraud,ShekharGupta
26bath,airlivenet
SecularFraud,airlivenet
SecularFraud,ShekharGupta
nicoleodera,airlivenet
Wolkenmeister,RalphMahlo
RalphMahlo,crashpilotin
crashpilotin,RalphMahlo
Wolkenmeister,crashpilotin
Wolkenmeister,RalphMahlo
crashpilotin,Wolkenmeister
crashpilotin,RalphMahlo
crashpilotin,Wolkenmeister
crashpilotin,RalphMahlo
IsaacGoBo,01OrioL
IsaacGoBo,tonfalques
IsaacGoBo,airlivenet
01OrioL,airlivenet
01OrioL,tonfalques
91Shorty,airlivenet
91Shorty,BBCBreaking
91Shorty,FlightCrisis
IsaacGoBo,01OrioL
IsaacGoBo,tonfalques
IsaacGoBo,airlivenet
SUHOzyeol21,Baekyeoliee
SUHOzyeol21,precious_luhan
awdnewsgerman,Baekyeoliee
eltonmorrow1,NahlahAyed
micronaught,NahlahAyed
ValMackinnon,NahlahAyed
MorganRoebuck,NahlahAyed
RobinAnnHunt,nypost
ImPoliticalWill,nypost
ImPoliticalWill,NRA
ImPoliticalWill,SenFeinstein
blingsusangold,nypost
hoistingmysail,nypost
southernkimmy,nypost
Kevin_NissenDC,nypost
Lastmedic,nypost
drprocino,nypost
atclew58,NYCAviation
JuergenMeyer2,NYCAviation
MattSoleyn,NYCAviation
rdt757,NYCAviation
TinekeSenf,YanniKouts
marco_cesario,YanniKouts
marco_cesario,oemoral
marco_cesario,germanwings
marco_cesario,flightradar24
BobbyMageroski,YanniKouts
BobbyMageroski,germanwings
BobbyMageroski,flightradar24
SivaG,ReutersAero
Novorossiyan,ReutersAero
Novorossiyan,MatthewPDown
Novorossiyan,Reuters
Novorossiyan,CIA
JIR0s4cast,ReutersAero
hudge1234,ReutersAero
hudge1234,Flightglobal
care_abacus,Channel4News
Socialistdawn,Channel4News
emaleroland,terrisanislo
emaleroland,RedNationRising
NANCYBRADYUSA,RedNationRising
terrisanislo,RedNationRising
terrisanislo,emaleroland
RedNationRising,emaleroland
RedNationRising,terrisanislo
Newfamilyguy,RedNationRising
Horse2015Woman,RedNationRising
emaleroland,RedNationRising
emaleroland,terrisanislo
terrisanislo,RedNationRising
DanMartin_cards,RedNationRising
emaleroland,terrisanislo
emaleroland,RedNationRising
Capt_ST,JESUSR3IgNS
Capt_ST,RedNationRising
terrisanislo,RedNationRising
terrisanislo,emaleroland
terrisanislo,RedNationRising
terrisanislo,emaleroland
Capt_ST,RedNationRising
terrisanislo,emaleroland
terrisanislo,RedNationRising
terrisanislo,RedNationRising
terrisanislo,emaleroland
terrisanislo,emaleroland
terrisanislo,RedNationRising
terrisanislo,RedNationRising
terrisanislo,RedNationRising
terrisanislo,RedNationRising
terrisanislo,emaleroland
terrisanislo,RedNationRising
Horse2015Woman,RedNationRising
terrisanislo,emaleroland
terrisanislo,RedNationRising
JESUSR3IgNS,Capt_ST
JESUSR3IgNS,RedNationRising
terrisanislo,RedNationRising
terrisanislo,emaleroland
RedNationRising,terrisanislo
BaimAlli,ThisIsGaZa
Minus777,marcepa49
Minus777,flightradar24
Minus777,isobelroe
marcepa49,Minus777
marcepa49,flightradar24
marcepa49,isobelroe
Minus777,marcepa49
Minus777,flightradar24
Minus777,isobelroe
Minus777,marcepa49
Minus777,marcepa49
Minus777,flightradar24
Minus777,isobelroe
Minus777,marcepa49
Minus777,flightradar24
Minus777,isobelroe
marcepa49,london_thfc
marcepa49,Minus777
marcepa49,flightradar24
marcepa49,isobelroe
Minus777,marcepa49
Minus777,flightradar24
Minus777,isobelroe
marcepa49,Minus777
marcepa49,flightradar24
marcepa49,isobelroe
Minus777,marcepa49
Minus777,neilh1983
Minus777,london_thfc
Minus777,flightradar24
Minus777,isobelroe
marcepa49,neilh1983
marcepa49,Minus777
marcepa49,london_thfc
marcepa49,flightradar24
marcepa49,isobelroe
Minus777,marcepa49
Minus777,flightradar24
Minus777,isobelroe
Minus777,neilh1983
Minus777,london_thfc
Minus777,marcepa49
Minus777,flightradar24
Minus777,isobelroe
Minus777,marcepa49
Minus777,flightradar24
Minus777,isobelroe
Minus777,marcepa49
Minus777,flightradar24
Minus777,isobelroe
Minus777,marcepa49
Minus777,london_thfc
Minus777,flightradar24
Minus777,isobelroe
GloriousesFree,flightradar24
neilh1983,Minus777
neilh1983,london_thfc
neilh1983,marcepa49
neilh1983,flightradar24
neilh1983,isobelroe
Minus777,marcepa49
Minus777,flightradar24
Minus777,isobelroe
juliamacfarlane,flightradar24
Minus777,marcepa49
Minus777,flightradar24
Minus777,isobelroe
Minus777,marcepa49
Minus777,flightradar24
Minus777,isobelroe
janoschjerman,flightradar24
marcepa49,Minus777
marcepa49,flightradar24
marcepa49,isobelroe
Minus777,marcepa49
Minus777,flightradar24
Minus777,isobelroe
Minus777,flightradar24
Minus777,isobelroe
Minus777,london_thfc
Minus777,marcepa49
Minus777,flightradar24
Minus777,isobelroe
marcepa49,Minus777
marcepa49,london_thfc
marcepa49,flightradar24
marcepa49,isobelroe
bart613,flightradar24
Minus777,marcepa49
Minus777,flightradar24
Minus777,isobelroe
Minus777,marcepa49
Minus777,flightradar24
Minus777,isobelroe
marcepa49,Minus777
marcepa49,flightradar24
marcepa49,isobelroe
neilh1983,Minus777
neilh1983,london_thfc
neilh1983,marcepa49
neilh1983,flightradar24
neilh1983,isobelroe
marcepa49,Minus777
marcepa49,flightradar24
marcepa49,isobelroe
marcepa49,Minus777
marcepa49,flightradar24
marcepa49,isobelroe
marcepa49,Minus777
marcepa49,flightradar24
marcepa49,isobelroe
marcepa49,Minus777
marcepa49,flightradar24
marcepa49,isobelroe
neilh1983,Minus777
neilh1983,london_thfc
neilh1983,marcepa49
neilh1983,flightradar24
neilh1983,isobelroe
flightradar24,Minus777
flightradar24,marcepa49
flightradar24,isobelroe
CoasterStorm,flightradar24
Minus777,marcepa49
Minus777,marcepa49
Minus777,marcepa49
Minus777,marcepa49
Minus777,flightradar24
Minus777,isobelroe
marcepa49,Minus777
Minus777,marcepa49
Minus777,flightradar24
Minus777,marcepa49
Minus777,isobelroe
marcepa49,Minus777
marcepa49,flightradar24
marcepa49,isobelroe
neilh1983,Minus777
neilh1983,marcepa49
neilh1983,flightradar24
neilh1983,isobelroe
marcepa49,Minus777
marcepa49,flightradar24
marcepa49,isobelroe
neilh1983,janoschjerman
neilh1983,flightradar24
FabioRaponi1,flightradar24
FabioRaponi1,Minus777
FabioRaponi1,marcepa49
FabioRaponi1,isobelroe
MrH4K3R,TheDieseI
MrH4K3R,ABC
MrH4K3R,BLACKDlCK
WoahsK,ABC
WoahsK,BLACKDlCK
WoahsK,GeorgeBush
Drew_BolleaNC9,ABC
TinaS_KVUE,ABC
TheDieseI,ABC
TheDieseI,BLACKDlCK
fatsamin,ABC
BlessedmanEzeo1,ABC
ally_flaucher,ABC
ally_flaucher,JimGillespie9
RichardTuffin,YahooNews
RichardTuffin,AP
JMichaelsNews,airlivenet
JMichaelsNews,flightradar24
TuckerJ_13,airlivenet
TuckerJ_13,flightradar24
Wiggy_72,airlivenet
Wiggy_72,flightradar24
valeGS59,airlivenet
valeGS59,flightradar24
SandraEckersley,airlivenet
SandraEckersley,suzipeep
SandraEckersley,flightradar24
mcbonnes,airlivenet
mcbonnes,flightradar24
akrapovitch,NewsOnTheMin
akrapovitch,morandiniblog
akrapovitch,GuillaumeAuda
alexanderlynch1,BBCBreaking
alexanderlynch1,BBCNews
alexanderlynch1,CharlieHorlock
alexanderlynch1,max_kretzschmar
LIVE_COVERAGE,Granabanana
LIVE_COVERAGE,MissWitch2310
LIVE_COVERAGE,BBCBreaking
dorome80,verylastone
Granabanana,MissWitch2310
EpaL,BBCBreaking
EpaL,CLawtown
EpaL,pruesiemsgluess
mllesaraht,BBCBreaking
Granabanana,MissWitch2310
Granabanana,BBCBreaking
officialdaddymo,BBCBreaking
katrinfigge,BBCBreaking
verylastone,LoveNotH81
verylastone,dorome80
Berlinplane,BBCBreaking
Morgan8news,BBCBreaking
katepatto,BBCBreaking
LIVE_COVERAGE,Granabanana
LIVE_COVERAGE,MissWitch2310
LIVE_COVERAGE,BBCBreaking
LoveNotH81,verylastone
LoveNotH81,dorome80
Granabanana,LIVE_COVERAGE
Granabanana,MissWitch2310
Granabanana,BBCBreaking
verylastone,BBCBreaking
juliegargotta,BBCBreaking
WIBCRaySteele,93wibc
WIBCRaySteele,BBCBreaking
Blessoboy,BBCBreaking
stranaconda,BBCBreaking
MissWitch2310,Granabanana
annabrolin,BBCBreaking
sguttenbeil,BBCBreaking
verylastone,dorome80
DanielCastell,BBCBreaking
MissWitch2310,Granabanana
NikiALeiva,BBCBreaking
MissWitch2310,BBCBreaking
LoveNotH81,verylastone
LoveNotH81,dorome80
jwave813fm,BBCBreaking
dorome80,LoveNotH81
dorome80,verylastone
_Vzla,euronews
AMeghirbi,euronews
awdnewsgerman,euronews
awdnewsgerman,euronews
Quinn_245,cnnbrk
JoanneFogle,cnnbrk
JoanneFogle,TVAmy
christi62270878,cnnbrk
awdnewsgerman,cnnbrk
alizinaty,cnnbrk
cjacobkuria,cnnbrk
RodrigoRo327,cnnbrk
alizinaty,cnnbrk
Sevenfold747,cnnbrk
Sevenfold747,ChrisCuomo
Sevenfold747,MichaelaCNN
Sevenfold747,NewDay
Sevenfold747,MichaelaCNN
JoanneFogle,cnnbrk
Joeliu617919007,cnnbrk
JoanneFogle,cnnbrk
jonesfred186,cnnbrk
Brely,cnnbrk
Brely,adamonzon
occrspu,cnnbrk
PrasadNidta,cnnbrk
leungtiffany,cnnbrk
leungtiffany,SamanthaCreek
agboola444,cnnbrk
claymedic,cnnbrk
JoanneFogle,cnnbrk
JoanneFogle,cnnbrk
SarahADR,LindaSharkey
auguII_a,LindaSharkey
awdnewsgerman,LindaSharkey
SanaazzSani,LindaSharkey
avendittinyc,rConflictNews
NewsCoverUp,rConflictNews
Undetermined_US,rConflictNews
CluelessTroll,rConflictNews
gaglegemaate,rConflictNews
NewsCoverUp,rConflictNews
gypsy_juno,rConflictNews
rickwjr2009,avendittinyc
rickwjr2009,rConflictNews
kfitzpatrick6,rConflictNews
kfitzpatrick6,THE_47th
Petalstomp,GissiSim
GissiSim,Petalstomp
drquirkey,rConflictNews
englobalnewsk,rConflictNews
Petalstomp,rConflictNews
ilcuoresincero,rConflictNews
sarahkashbgash,ChannelNewsAsia
asthesea_,ChannelNewsAsia
sofeaamani_,ChannelNewsAsia
KClausWBOY,hamishNews
Mothadone,guardian
punongolibo,regeantremblay5
punongolibo,DailyMirror
punongolibo,jsblake_uk
punongolibo,DailyMirror
regeantremblay5,punongolibo
regeantremblay5,DailyMirror
jsblake_uk,DailyMirror
punongolibo,hassan33035664
punongolibo,DailyMirror
punongolibo,DailyMirror
punongolibo,PVincent20
SomtochukWuve,DailyMirror
SomtochukWuve,DailyMirror
hassan33035664,DailyMirror
regeantremblay5,DailyMirror
crashgear,NoahWehrman
crashgear,Rockprincess818
crashgear,ron_fournier
crashgear,jimgeraghty
jingoist15,NoahWehrman
jingoist15,Obsessedabroad
PepAiello,NoahWehrman
PepAiello,ron_fournier
PepAiello,jimgeraghty
JettaMarlo,collinsrcgirl
JettaMarlo,NoahWehrman
NoahWehrman,Obsessedabroad
NoahWehrman,ron_fournier
NoahWehrman,jimgeraghty
Obsessedabroad,NoahWehrman
Obsessedabroad,ron_fournier
Obsessedabroad,jimgeraghty
Obsessedabroad,NoahWehrman
JettaMarlo,NoahWehrman
NoahWehrman,jingoist15
NoahWehrman,Obsessedabroad
Obsessedabroad,NoahWehrman
Obsessedabroad,ron_fournier
Obsessedabroad,jimgeraghty
collinsrcgirl,JettaMarlo
collinsrcgirl,NoahWehrman
collinsrcgirl,NoahWehrman
NoahWehrman,JettaMarlo
NoahWehrman,vm8a
lifebythecreek,NoahWehrman
lifebythecreek,vm8a
vm8a,NoahWehrman
Obsessedabroad,NoahWehrman
Obsessedabroad,jingoist15
HaloChiefPO117,NoahWehrman
BB5163,NoahWehrman
BB5163,HarrietBaldwin
BB5163,ron_fournier
BB5163,jimgeraghty
jingoist15,NoahWehrman
collinsrcgirl,NoahWehrman
collinsrcgirl,ron_fournier
collinsrcgirl,jimgeraghty
Serrie_Kue,NoahWehrman
Serrie_Kue,chris63414391
JustIfeelit,SunnyTailor
JustIfeelit,flightradar24
punongolibo,Denizion
punongolibo,flightradar24
AlexeyIvakhov,flightradar24
daveoflynn,AlexeyIvakhov
punongolibo,AlexeyIvakhov
punongolibo,flightradar24
AntalGicque,flightradar24
SunnyTailor,BeeMH50
SunnyTailor,BeeMH50
Denizion,flightradar24
punongolibo,Giangi_Ceresara
punongolibo,flightradar24
punongolibo,HCE__
martialdefoy,flightradar24
AlexeyIvakhov,daveoflynn
AlexeyIvakhov,daveoflynn
BeeMH50,SunnyTailor
daveoflynn,AlexeyIvakhov
daveoflynn,flightradar24
BeeMH50,SunnyTailor
daveoflynn,AlexeyIvakhov
delagvin,flightradar24
lshaw158,BeeMH50
lshaw158,SunnyTailor
punongolibo,delagvin
punongolibo,flightradar24
BeeMH50,SunnyTailor
SylvainDeC,Denizion
SylvainDeC,flightradar24
SunnyTailor,flightradar24
WillemUK,flightradar24
SunnyTailor,BeeMH50
b_aelbers,WillemUK
b_aelbers,flightradar24
AlexeyIvakhov,daveoflynn
Giangi_Ceresara,flightradar24
Giangi_Ceresara,HCE__
BeeMH50,SunnyTailor
punongolibo,martialdefoy
punongolibo,flightradar24
onelove6113,YahooNews
onelove6113,nytimes
CerratoDebora,YahooNews
CerratoDebora,Yahoo
CerratoDebora,nytimes
TRA_MK214,YahooNews
TRA_MK214,Yahoo
TRA_MK214,nytimes
Tizzeon,YahooNews
Tizzeon,nytimes
Tizzeon,Yahoo
Tizzeon,stunnahgee
Tizzeon,Olamuss
champersmum,airlivenet
tancredipalmeri,airlivenet
scottcossfield,69Dejavuee
scottcossfield,airlivenet
scottcossfield,Aodhgan2e
scottcossfield,airlivenet
scottcossfield,Aodhgan2e
ReenaVerma81,airlivenet
ccarmmen,airlivenet
fina_ortega,airlivenet
scottcossfield,Aodhgan2e
nickweaver,airlivenet
oppenenbreif,airlivenet
vanjar_,airlivenet
Lord_Trousers,airlivenet
Lord_Trousers,flightradar24
beninfa,airlivenet
69Dejavuee,scottcossfield
69Dejavuee,airlivenet
69Dejavuee,Aodhgan2e
tweetforcetacea,airlivenet
tweetforcetacea,LolaM147
redhillchris79,tancredipalmeri
redhillchris79,airlivenet
rizalpl,airlivenet
rizalpl,wahiA_
Aodhgan2e,scottcossfield
HerbertHendriks,airlivenet
TABUEN_CA,airlivenet
LolaM147,tweetforcetacea
LolaM147,airlivenet
LolaM147,LolaM147
Vloot1,airlivenet
galicia_great,WSJeurope
galicia_great,rezel
ottawafamtree,AFP
GormoJourno,AFP
pepvilar,AFP
davethompsonATL,AFP
davethompsonATL,Avtips
yoware,AFP
dave204,AFP
dave204,pinokw
NeoDroid,AFP
NeoDroid,franki_kuka
Villasenordelvi,AFP
tracysolomon,AFP
BWheatnyc,AFP
YouriAshton,AFP
YouriAshton,RTLnieuws
NYCAviation,timbialas
NYCAviation,planefinder
NYCAviation,bjornmoerman
Nishad1305,bogeyjimmy
Nishad1305,NYCAviation
Nishad1305,AvWeekRupa
Nishad1305,planefinder
NYCAviation,brandonsavage
NYCAviation,planefinder
NYCAviation,pilot_ngb
NYCAviation,bjornmoerman
AeroSavvy,atclew58
AeroSavvy,NYCAviation
atclew58,AeroSavvy
atclew58,NYCAviation
bogeyjimmy,NYCAviation
bogeyjimmy,AvWeekRupa
bogeyjimmy,planefinder
timbialas,NYCAviation
timbialas,planefinder
brandonsavage,NYCAviation
brandonsavage,planefinder
brandonsavage,pilot_ngb
atclew58,NYCAviation
timbialas,NYCAviation
timbialas,planefinder
isu1911,NYCAviation
isu1911,Boeing737900
isu1911,planefinder
AeroSavvy,NYCAviation
AeroSavvy,atclew58
NYCAviation,timbialas
NYCAviation,planefinder
sw728,NYCAviation
sw728,planefinder
atclew58,NYCAviation
atclew58,planefinder
NYCAviation,atclew58
dillidikudii,NYCAviation
dillidikudii,planefinder
NYCAviation,dillidikudii
NYCAviation,planefinder
bjornmoerman,NYCAviation
dillidikudii,NYCAviation
dillidikudii,planefinder
Southwest125,atclew58
Southwest125,NYCAviation
bjornmoerman,NYCAviation
AeroSavvy,NYCAviation
KevinYounge,AC360
KevinYounge,JimTilmon
KevinYounge,nytimes
KevinYounge,andersoncooper
anamari_28,AC360
anamari_28,JimTilmon
anamari_28,nytimes
Annsk1,AC360
Annsk1,JimTilmon
Annsk1,nytimes
thebrokenmetal,AC360
thebrokenmetal,JimTilmon
thebrokenmetal,nytimes
valsocal,AC360
valsocal,JimTilmon
valsocal,nytimes
twilightz2020,AC360
twilightz2020,JimTilmon
twilightz2020,nytimes
Annsk1,AC360
Annsk1,JimTilmon
Annsk1,nytimes
ptpilot76,AC360
ArajoMello,AC360
ArajoMello,JimTilmon
ArajoMello,nytimes
ToneBaloneRocks,AC360
ToneBaloneRocks,ColorMeRed
ToneBaloneRocks,JimTilmon
ToneBaloneRocks,nytimes
flying_high_lex,AC360
biscainoV_300,KevinYounge
biscainoV_300,AC360
biscainoV_300,JimTilmon
biscainoV_300,nytimes
biscainoV_300,andersoncooper
getcaughtup,AC360
getcaughtup,JimTilmon
getcaughtup,nytimes
ChristineStergi,AC360
ChristineStergi,JimTilmon
ChristineStergi,nytimes
rbrine01,AC360
rbrine01,JimTilmon
rbrine01,nytimes
valsocal,AC360
valsocal,JimTilmon
valsocal,nytimes
petemsgt1787,AC360
petemsgt1787,JimTilmon
petemsgt1787,nytimes
Raniaanter,rConflictNews
Raniaanter,AFP
PdOgPT,itvnews
iainfast,itvnews
SarahADR,itvnews
HoussamiNadine,CatholicLisa
HoussamiNadine,CatholicLisa
politikmama,fawfulfan
HoussamiNadine,CatholicLisa
HoussamiNadine,CatholicLisa
fawfulfan,politikmama
fawfulfan,CatholicLisa
CelticDenise,CatholicLisa
HoussamiNadine,CatholicLisa
HoussamiNadine,CatholicLisa
HoussamiNadine,CatholicLisa
HoussamiNadine,CatholicLisa
HoussamiNadine,CatholicLisa
fawfulfan,politikmama
HoussamiNadine,CatholicLisa
politikmama,CatholicLisa
CatholicLisa,politikmama
HoussamiNadine,CatholicLisa
alan_poirier,CatholicLisa
alan_poirier,MarkSteynOnline
CatholicLisa,HoussamiNadine
Muschelschloss,RichelleVHP
Muschelschloss,France24_en
Muschelschloss,FRANCE24
undisinfo,RichelleVHP
undisinfo,France24_en
undisinfo,FRANCE24
awdnewsgerman,France24_en
ShamNaarai,daxtonbrown
ShamNaarai,AnewTrackrecord
raterosie,daxtonbrown
raterosie,ShamNaarai
raterosie,AnewTrackrecord
nisamrslla,daxtonbrown
valgms,daxtonbrown
valgms,Welsh58
valgms,ShamNaarai
valgms,AnewTrackrecord
baj5252,daxtonbrown
Robs_tweeting,raterosie
Robs_tweeting,daxtonbrown
Robs_tweeting,ShamNaarai
Robs_tweeting,AnewTrackrecord
Destinbeach22,daxtonbrown
Destinbeach22,AnewTrackrecord
QuiringJ,daxtonbrown
QuiringJ,AnewTrackrecord
QuiringJ,ShamNaarai
TX_1,daxtonbrown
MLaChance3,daxtonbrown
MLaChance3,ItsJustJill
GordonHewitt2,daxtonbrown
GordonHewitt2,ItsJustJill
fa07af174a71408,baj5252
fa07af174a71408,newsytweets
fa07af174a71408,daxtonbrown
Agno_stic,daxtonbrown
Agno_stic,AnewTrackrecord
Agno_stic,ShamNaarai
raterosie,daxtonbrown
raterosie,ShamNaarai
raterosie,AnewTrackrecord
raterosie,Robs_tweeting
raterosie,daxtonbrown
raterosie,ShamNaarai
raterosie,AnewTrackrecord
daxtonbrown,ShamNaarai
daxtonbrown,AnewTrackrecord
JayCotterel,fa07af174a71408
JayCotterel,baj5252
JayCotterel,newsytweets
JayCotterel,daxtonbrown
TX_1,daxtonbrown
stanmcintire,daxtonbrown
baj5252,fa07af174a71408
baj5252,newsytweets
baj5252,daxtonbrown
00ErikT,BreakingNews
00ErikT,ManvBrain
00ErikT,Reuters
DoninRichmond,BreakingNews
DoninRichmond,Reuters
voiceswriter,BreakingNews
voiceswriter,Reuters
SebastianMamma,BreakingNews
SebastianMamma,Reuters
Aderibeiro30,BreakingNews
Aderibeiro30,Reuters
00ErikT,BreakingNews
00ErikT,ktodd0713
dhawaldamania,BreakingNews
dhawaldamania,Reuters
rdt757,BreakingNews
rdt757,Reuters
RoseKennedy20,BreakingNews
RoseKennedy20,Reuters
EckeardD,BreakingNews
EckeardD,Reuters
gruntmaster1217,BreakingNews
gruntmaster1217,Ves33421
awdnewsgerman,BreakingNews
awdnewsgerman,Reuters
GC2610,BreakingNews
GC2610,Reuters
KingTaylor44,BreakingNews
SkyRalle,ReutersLive
SkyRalle,Reuters
Cyncabc,ReutersLive
Cyncabc,luvntwilight09
dxmeid,ReutersLive
dxmeid,Reuters
mcscharf,ReutersLive
DC4Hope,ReutersLive
DC4Hope,Reuters
luvntwilight09,Cyncabc
sevodreams,WIRED
kelly_wagner1,WIRED
CharlieONarley,WIRED
Rhyme_Writer,WIRED
colinbatt,WIRED
ryaneurich,WIRED
guybellingham,WIRED
IlnickiStudios,WIRED
frehoula,WIRED
DrTuxWang,WIRED
jygermain,WIRED
guslinton,WIRED
guslinton,RobertDavidStee
ProjectM_2014,WIRED
fjbrenes,sevodreams
Josefsinclair,WIRED
dns544cd,WIRED
gegco,Hairbear64
gegco,seanhannity
gegco,greta
gegco,act4america
gegco,KrisParonto
Hairbear64,dj1darrell
Hairbear64,gegco
Hairbear64,seanhannity
Hairbear64,greta
Hairbear64,act4america
Hairbear64,KrisParonto
wdmichael3,dj1darrell
wdmichael3,Hairbear64
wdmichael3,gegco
wdmichael3,seanhannity
wdmichael3,greta
wdmichael3,act4america
wdmichael3,KrisParonto
gegco,stay_classy187
gegco,seanhannity
gegco,greta
gegco,act4america
gegco,KrisParonto
gegco,JGilliam_SEAL
jerryanze,seanhannity
jerryanze,greta
jerryanze,act4america
jerryanze,KrisParonto
jerryanze,EmmaOgebe
jerryanze,gegco
jerryanze,lenlucas46
gegco,h_tisdell
gegco,R_Christianity_
gegco,seanhannity
gegco,greta
gegco,act4america
gegco,KrisParonto
gegco,JGilliam_SEAL
gegco,stay_classy187
gegco,seanhannity
gegco,greta
gegco,act4america
gegco,KrisParonto
gegco,JGilliam_SEAL
gegco,Hairbear64
gegco,seanhannity
gegco,greta
gegco,act4america
gegco,KrisParonto
Hairbear64,KrisParonto
Hairbear64,gegco
Hairbear64,seanhannity
Hairbear64,greta
Hairbear64,act4america
Kamani1147,jerryanze
Kamani1147,sherrysue66
Kamani1147,seanhannity
Kamani1147,greta
Kamani1147,act4america
Kamani1147,KrisParonto
Kamani1147,EmmaOgebe
Kamani1147,gegco
Kamani1147,lenlucas46
dj1darrell,Hairbear64
dj1darrell,gegco
dj1darrell,seanhannity
dj1darrell,greta
dj1darrell,act4america
dj1darrell,KrisParonto
2APatriot2100,gegco
2APatriot2100,seanhannity
2APatriot2100,greta
2APatriot2100,act4america
2APatriot2100,KrisParonto
2APatriot2100,JGilliam_SEAL
Hairbear64,dj1darrell
Hairbear64,gegco
Hairbear64,seanhannity
Hairbear64,greta
Hairbear64,act4america
Hairbear64,KrisParonto
dj1darrell,Hairbear64
dj1darrell,gegco
dj1darrell,seanhannity
dj1darrell,greta
dj1darrell,act4america
dj1darrell,KrisParonto
KrisParonto,Hairbear64
KrisParonto,gegco
KrisParonto,seanhannity
KrisParonto,greta
KrisParonto,act4america
gegco,Seivanheidari
gegco,act4america
gegco,seanhannity
gegco,greta
gegco,KrisParonto
gegco,JGilliam_SEAL
Seivanheidari,gegco
Seivanheidari,act4america
Seivanheidari,seanhannity
Seivanheidari,greta
Seivanheidari,KrisParonto
Seivanheidari,JGilliam_SEAL
stay_classy187,gegco
stay_classy187,seanhannity
stay_classy187,greta
stay_classy187,act4america
stay_classy187,KrisParonto
stay_classy187,JGilliam_SEAL
KrisParonto,Hairbear64
KrisParonto,gegco
KrisParonto,seanhannity
KrisParonto,greta
KrisParonto,act4america
stay_classy187,gegco
stay_classy187,seanhannity
stay_classy187,greta
stay_classy187,act4america
stay_classy187,KrisParonto
stay_classy187,JGilliam_SEAL
Hairbear64,gegco
Hairbear64,seanhannity
Hairbear64,greta
Hairbear64,act4america
Hairbear64,KrisParonto
LanceSilver1,gegco
LanceSilver1,act4america
LanceSilver1,seanhannity
LanceSilver1,greta
LanceSilver1,KrisParonto
LanceSilver1,JGilliam_SEAL
LanceSilver1,RedNationRising
LanceSilver1,JCCWatch
LanceSilver1,rightsidenews
LanceSilver1,HouseFloor
LanceSilver1,SenateFloor
LanceSilver1,FBI
gegco,enochpowellmp
gegco,act4america
gegco,seanhannity
gegco,greta
gegco,KrisParonto
gegco,JGilliam_SEAL
swtimogenation,gegco
swtimogenation,act4america
swtimogenation,seanhannity
swtimogenation,greta
swtimogenation,KrisParonto
swtimogenation,JGilliam_SEAL
gegco,Hairbear64
gegco,seanhannity
gegco,greta
gegco,act4america
gegco,KrisParonto
KrisParonto,Hairbear64
KrisParonto,gegco
KrisParonto,seanhannity
KrisParonto,greta
KrisParonto,act4america
Hairbear64,gegco
Hairbear64,seanhannity
Hairbear64,greta
Hairbear64,act4america
Hairbear64,KrisParonto
Hairbear64,JGilliam_SEAL
lenlucas46,jerryanze
lenlucas46,seanhannity
lenlucas46,greta
lenlucas46,act4america
lenlucas46,KrisParonto
lenlucas46,EmmaOgebe
lenlucas46,gegco
h_tisdell,gegco
h_tisdell,R_Christianity_
h_tisdell,seanhannity
h_tisdell,greta
h_tisdell,act4america
h_tisdell,KrisParonto
h_tisdell,JGilliam_SEAL
DeesoSaeed,thatjohn
chrisonarock,thatjohn
RAeSTimR,1CParsons
RAeSTimR,thatjohn
JDTVproducties,thatjohn
JDTVproducties,volkskrant
1CParsons,thatjohn
1CParsons,RAeSTimR
Fedupwithclowns,cobaltjacket
Fedupwithclowns,thatjohn
Fedupwithclowns,RunwayGirl
ChristineStergi,thatjohn
ChristineStergi,planefinder
Fedupwithclowns,cobaltjacket
Fedupwithclowns,thatjohn
Fedupwithclowns,RunwayGirl
Allplane,thatjohn
Allplane,RAeSTimR
cobaltjacket,Fedupwithclowns
cobaltjacket,thatjohn
cobaltjacket,RunwayGirl
johnjoekebab,thatjohn
johnjoekebab,gerrylynch
cobaltjacket,thatjohn
cobaltjacket,RunwayGirl
Fedupwithclowns,thatjohn
Fedupwithclowns,Holbornlolz
1CParsons,RAeSTimR
1CParsons,thatjohn
roniocta,RT_com
WladLolz,ntusit
WladLolz,RT_com
Kobby_Aikx,RT_com
azliabaz,RT_com
MeriamJan,RT_com
MeriamJan,guidedheart
TopRT_PK,RT_com
ntusit,RT_com
JustDutchTrade,RT_com
hairydoughnut,ntusit
hairydoughnut,RT_com
risinghoney,RT_com
risinghoney,AMWJ_Pak
muthonikimathi,Mafroor1
muthonikimathi,RT_com
steviepax,RT_com
panJustice,RT_com
awdnewsgerman,RT_com
Mafroor1,RT_com
sam11sf,RT_com
aotto1968_2,RT_com
miss_hairpin,RT_com
miss_hairpin,maxvatanenrally
RicoBushWAVY,AP
Surpomp71,AP
BParker17,AP
hanpolan,AP
Aglaia_Berlutti,AP
HateTheseFools,AP
swelcome,AP
lcubillasc,AP
lcubillasc,DaniboyR
lcubillasc,ramonhcastro
KateRoseMe,AP
ChalexTheGreat,AP
joshuak08,penottawa
joshuak08,AP
Thebrightjewel,AP
SourEnvy,AP
penottawa,AP
RonniBlueEyes,AP
RonniBlueEyes,Kerryepp
RyanMGCummings,AP
sherrhapsody,AP
SunniAndTheCity,AP
ConflictedBlog,AP
abake6,AP
mrbvb,NYDailyNews
mrbvb,germanwings
Snigglewhip,NYDailyNews
Snigglewhip,maggiebeauchamp
Snigglewhip,germanwings
MidtownMikeNY,NYDailyNews
MidtownMikeNY,germanwings
BionxHoldings,NYDailyNews
BionxHoldings,germanwings
maggiebeauchamp,Snigglewhip
maggiebeauchamp,NYDailyNews
maggiebeauchamp,germanwings
TheWat1734,NYDailyNews
TheWat1734,germanwings
woudaton,NYDailyNews
woudaton,germanwings
proeschold,skymarkwhite
proeschold,EliotHiggins
Corsair8X,proeschold
Corsair8X,EliotHiggins
Corsair8X,skymarkwhite
maynon2013,proeschold
maynon2013,EliotHiggins
maynon2013,skymarkwhite
damienramage,PascalSyn
damienramage,airlivenet
bbebrahimi,airlivenet
bbebrahimi,PollyR_Aviation
damienramage,PascalSyn
SetagayaGirl,airlivenet
SetagayaGirl,PollyR_Aviation
SetagayaGirl,crislomb
PascalSyn,damienramage
PascalSyn,airlivenet
damienramage,PascalSyn
damienramage,airlivenet
PascalSyn,damienramage
PascalSyn,airlivenet
damienramage,PascalSyn
damienramage,airlivenet
WebDiva423,airlivenet
WebDiva423,PollyR_Aviation
PascalSyn,damienramage
PascalSyn,damienramage
PascalSyn,airlivenet
damienramage,PascalSyn
damienramage,airlivenet
PascalSyn,damienramage
PascalSyn,airlivenet
damienramage,PascalSyn
damienramage,airlivenet
PascalSyn,damienramage
PascalSyn,airlivenet
larsst,damienramage
larsst,PascalSyn
damienramage,PascalSyn
damienramage,larsst
plane_spot,airlivenet
plane_spot,PollyR_Aviation
PascalSyn,damienramage
PascalSyn,airlivenet
larsst,PascalSyn
larsst,damienramage
kalydeoo,airlivenet
kalydeoo,PollyR_Aviation
damienramage,PascalSyn
damienramage,airlivenet
PascalSyn,airlivenet
damienramage,PascalSyn
damienramage,airlivenet
PascalSyn,damienramage
PascalSyn,damienramage
PascalSyn,airlivenet
larsst,PascalSyn
larsst,damienramage
larsst,airlivenet
damienramage,PascalSyn
damienramage,airlivenet
PascalSyn,larsst
PascalSyn,damienramage
PascalSyn,damienramage
PascalSyn,airlivenet
PascalSyn,damienramage
damienramage,PascalSyn
damienramage,airlivenet
BlartieLove,tomsteinfort
BlartieLove,9NewsAUS
iomguiM,airlivenet
kirstincoletv,airlivenet
kirstincoletv,PIX11News
tomaatman,airlivenet
tomaatman,wmiddelkoop
MJoyce2244,tomaatman
MJoyce2244,airlivenet
MJoyce2244,wmiddelkoop
rs_spicker,airlivenet
rs_spicker,nilsrompen
Rockchic65,iomguiM
Rockchic65,airlivenet
_jesusespinosa_,airlivenet
CT4444,tomaatman
CT4444,airlivenet
CT4444,wmiddelkoop
kobijv,airlivenet
kobijv,AhronYoung
tomaatman,CT4444
tomaatman,airlivenet
tomaatman,wmiddelkoop
rich75LFC,airlivenet
rich75LFC,JulieB_LFC
Bonbonafide,HLNTV
Mrshussain212,SkyNewsBreak
eastbournetaxi,SkyNewsBreak
bwfanzzz,SkyNewsBreak
bwfanzzz,fox13now
PeteJArmstrong,SkyNewsBreak
jessjewlry,SkyNewsBreak
NewsCoverUp,SkyNewsBreak
darrendunbar70,SkyNewsBreak
glenntsharkey,SkyNewsBreak
glenntsharkey,tommy_joe68
NzingaQ,Kenei_N
NzingaQ,SkyNewsBreak
daily_ranger,SkyNewsBreak
morganefitz,LordAtters
morganefitz,SkyNewsBreak
dannews,SkyNewsBreak
Forzatom23,SkyNewsBreak
LordAtters,SkyNewsBreak
cardinalsin147,Yahyah56
cardinalsin147,SkyNewsBreak
OltzALB,SkyNewsBreak
jrt6408,SkyNewsBreak
jrt6408,FoxNews
jrt6408,CBSNews
jrt6408,NBCNews
Kenei_N,SkyNewsBreak
Kenei_N,NzingaQ
tommy_joe68,glenntsharkey
tommy_joe68,SkyNewsBreak
Yahyah56,SkyNewsBreak
boregos_oz,SkyNewsBreak
KellyNBC6,TODAYshow
jedwards130,KellyNBC6
jedwards130,TODAYshow
awdnewsgerman,BreakingNews
awdnewsgerman,patthomas
awdnewsgerman,Europe1
hump52,BreakingNews
hump52,patthomas
hump52,Europe1
LMExtra,BreakingNews
LMExtra,patthomas
LMExtra,Europe1
Beau2Blaze,BreakingNews
Beau2Blaze,patthomas
Beau2Blaze,Europe1
awdnewsgerman,hamishNews
CombatJourno,hamishNews
allykat2609,hamishNews
clovertouchaus,hamishNews
CedarStArt,JohnnyUtah27
CedarStArt,RWSurferGirl
CedarStArt,anyclinic
JohnnyUtah27,CedarStArt
JohnnyUtah27,RWSurferGirl
JohnnyUtah27,anyclinic
nowheelspin,RWSurferGirl
nowheelspin,anyclinic
anyclinic,MrJamieD
anyclinic,RWSurferGirl
PauldkingsleyD,RWSurferGirl
PauldkingsleyD,anyclinic
MrJamieD,RWSurferGirl
MrJamieD,anyclinic
raanzang,RWSurferGirl
raanzang,anyclinic
SoTrophyHntrs,pbanik
SoTrophyHntrs,RWSurferGirl
SoTrophyHntrs,anyclinic
JohnnyUtah27,RWSurferGirl
JohnnyUtah27,anyclinic
weekiwachee03,FredSanford13
weekiwachee03,RWSurferGirl
weekiwachee03,anyclinic
CedarStArt,JohnnyUtah27
CedarStArt,RWSurferGirl
CedarStArt,anyclinic
ThomasAWilkes,RWSurferGirl
ThomasAWilkes,anyclinic
FredSanford13,RWSurferGirl
FredSanford13,weekiwachee03
FredSanford13,anyclinic
FredSanford13,weekiwachee03
FredSanford13,RWSurferGirl
FredSanford13,anyclinic
pbanik,SoTrophyHntrs
pbanik,RWSurferGirl
SoTrophyHntrs,RWSurferGirl
SoTrophyHntrs,anyclinic
DubinPeter,RWSurferGirl
DubinPeter,anyclinic
PauldkingsleyD,MrJamieD
PauldkingsleyD,RWSurferGirl
PauldkingsleyD,anyclinic
nowheelspin,RWSurferGirl
nowheelspin,anyclinic
weekiwachee03,FredSanford13
weekiwachee03,RWSurferGirl
weekiwachee03,anyclinic
nowheelspin,RWSurferGirl
nowheelspin,anyclinic
Mayqueen96,RWSurferGirl
Mayqueen96,anyclinic
anyclinic,JohnnyUtah27
anyclinic,RWSurferGirl
JohnnyUtah27,CedarStArt
JohnnyUtah27,RWSurferGirl
JohnnyUtah27,anyclinic
CedarStArt,JohnnyUtah27
CedarStArt,RWSurferGirl
CedarStArt,anyclinic
pbanik,SoTrophyHntrs
pbanik,RWSurferGirl
pbanik,anyclinic
pbanik,RWSurferGirl
CourtneyHosking,HuffingtonPost
Tara2911,HuffingtonPost
pandsreid,HuffingtonPost
pandsreid,AmberRajen
BeachnWineLuvr,HuffingtonPost
mhyk_,HuffingtonPost
raju40047311,HuffingtonPost
dajcadams,GR8_2B_alive
HungarianFalcon,GR8_2B_alive
abusedtaxpayer,GR8_2B_alive
abusedtaxpayer,nsroundtable
lifebythecreek,ANON_Activist_0
lifebythecreek,GR8_2B_alive
USARichC,GR8_2B_alive
MorgusDat,GR8_2B_alive
ann_lamant,GR8_2B_alive
mpfoster11,GR8_2B_alive
Stevejfgb,GR8_2B_alive
Stevejfgb,nsroundtable
lifebythecreek,GR8_2B_alive
MichaelzNewz,GR8_2B_alive
ANON_Activist_0,GR8_2B_alive
barry_coggins,GR8_2B_alive
26DegreesSouth,NathBoiss
26DegreesSouth,airlivenet
cahmn,airlivenet
AndyBarrick,airlivenet
mr_solo_dolo_s,airlivenet
ramonvanbiljouw,airlivenet
Cyvann,airlivenet
Viacom78,airlivenet
Viacom78,KayBurley
Viacom78,FoxNews
Viacom78,AP
Viacom78,piersmorgan
Viacom78,BBCWorld
Viacom78,LouiseMensch
Viacom78,nytimes
Viacom78,nypost
sowdented,abcnews
owenjamesja,abcnews
faleni070610,abcnews
faleni070610,SimmoneJM
debradaws,abcnewsSydney
debradaws,abcnews
matt_will89,abcnews
Equi_Knowledge,abcnews
Equi_Knowledge,SimmoneJM
daisystreet,abcnews
NewmanDne57856,abcnews
9VSKA,tugberkdmn
9VSKA,fosterstilling
9VSKA,Seat24Charlie
9VSKA,planefinder
RGrayHT,planefinder
Seat24Charlie,9VSKA
Seat24Charlie,planefinder
fosterstilling,9VSKA
fosterstilling,tugberkdmn
fosterstilling,Seat24Charlie
fosterstilling,planefinder
jacenat,9VSKA
jacenat,planefinder
Prospectus,planefinder
Prospectus,rohitjenveja
ronalddotgl,planefinder
ronalddotgl,handlewithcare
Seat24Charlie,fosterstilling
Seat24Charlie,9VSKA
Seat24Charlie,tugberkdmn
Seat24Charlie,planefinder
MartijnFSnl,springelkamp
Geoff_Fraser,johnb78
Geoff_Fraser,jasonjordan
MartijnFSnl,springelkamp
9VSKA,jacenat
9VSKA,planefinder
Seat24Charlie,9VSKA
Seat24Charlie,planefinder
9VSKA,planefinder
fosterstilling,9VSKA
fosterstilling,tugberkdmn
fosterstilling,Seat24Charlie
fosterstilling,planefinder
NastasyaTay,planefinder
9VSKA,Seat24Charlie
9VSKA,planefinder
springelkamp,MartijnFSnl
tkonto,9VSKA
tkonto,planefinder
Geoff_Fraser,johnb78
Geoff_Fraser,jasonjordan
Geoff_Fraser,planefinder
9VSKA,tkonto
9VSKA,planefinder
MartijnFSnl,springelkamp
tkonto,9VSKA
tkonto,planefinder
Seat24Charlie,9VSKA
Seat24Charlie,planefinder
fosterstilling,9VSKA
fosterstilling,planefinder
alexvega,planefinder
RohitKachrooITV,planefinder
tugberkdmn,Seat24Charlie
tugberkdmn,9VSKA
tugberkdmn,planefinder
9VSKA,Seat24Charlie
9VSKA,planefinder
johnb78,planefinder
springelkamp,planefinder
johnb78,Geoff_Fraser
johnb78,jasonjordan
FrankRagol,planefinder
railgirl1952,MarcHilliker
railgirl1952,foxandfriends
Addidis,MarcHilliker
e2pilot,MarcHilliker
e2pilot,Tinawanis
ElectroPig,MarcHilliker
SgtTim911,MarcHilliker
moshebenavram,MarcHilliker
ElectroPig,NotreDameFan27
ElectroPig,MarcHilliker
HolocaustSculpt,SgtTim911
HolocaustSculpt,MarcHilliker
jboraski55,MarcHilliker
jboraski55,Tinawanis
NotreDameFan27,MarcHilliker
SgtTim911,MarcHilliker
dobykadycyf,mashable
brianmoreau,mashable
pushreply,mashable
latitudehopper,mashable
thebavery,mashable
dsabar,mashable
zywo,mashable
Mark_R_Woods,mashable
NiliMajumder,mashable
Duke_mochuck,mashable
rivsony,Elisadurant
rivsony,elisahk92
rivsony,mashable
brianmoreau,mashable
davidjfindlay,mashable
brianmoreau,mashable
mfvgtazz,Reuters
mfvgtazz,radiobiobio
mfvgtazz,24HorasTVN
InkNpaper_Media,Reuters
Globetrotti,Reuters
SampalocKid,Reuters
SampalocKid,leahnavarro
AfricaChannelTV,Reuters
UltimoGT,Reuters
ruisaldanha,Reuters
Ayesha_m,Reuters
joti77,Reuters
taniagroe,Reuters
kzuelch,Reuters
JadeDemnar,Reuters
everardo_cf,Reuters
RiveraP,Reuters
AlbaAmoros,Reuters
idisi_kingsley,rConflictNews
idisi_kingsley,sahla_sing
hornofhome,rConflictNews
hornofhome,AlArabiya_Eng
kimijtoo,rConflictNews
kimijtoo,AlArabiya_Eng
klausryxen,rConflictNews
klausryxen,AlArabiya_Eng
rConflictNews,AlArabiya_Eng
cybrarian75x,rConflictNews
cybrarian75x,AlArabiya_Eng
Phyllida1234,AlArabiya_Eng
Tiranga_Sena,AlArabiya_Eng
Doom_Pie,nicclive
Doom_Pie,BBCBreaking
Doom_Pie,germanwings
wal_mlcosta,BBCBreaking
wal_mlcosta,germanwings
jonnyplavery,BBCBreaking
jonnyplavery,germanwings
Doom_Pie,BBCBreaking
Doom_Pie,germanwings
blazefiya,BBCBreaking
blazefiya,germanwings
janinthesky,BBCBreaking
zjAim3,BBCBreaking
wdickel56,BBCBreaking
wdickel56,MelAdams1310
wdickel56,germanwings
onedcl,nicclive
onedcl,BBCBreaking
onedcl,germanwings
Seek_and_Learn,nicclive
Seek_and_Learn,BBCBreaking
Seek_and_Learn,germanwings
ElaineHynes3,BBCBreaking
ChiguerSarah,BBCBreaking
ChiguerSarah,germanwings
UntamedHorse4,BBCBreaking
UntamedHorse4,germanwing
nicclive,BBCBreaking
nicclive,germanwings
haylsnewsam,BBCBreaking
DerekActual,BBCBreaking
DerekActual,germanwings
Jonny_Hallam,BBCBreaking
lacedtight,BBCBreaking
lacedtight,germanwings
vocnorth,JamesF85
vocnorth,AlexSpeer98
vocnorth,Danny_McMoomins
Danny_McMoomins,JamesF85
Danny_McMoomins,AlexSpeer98
Danny_McMoomins,AlexSpeer98
Danny_McMoomins,JamesF85
Danny_McMoomins,flightradar24
bjw170695,ande871
AlexSpeer98,JamesF85
AlexSpeer98,Danny_McMoomins
AlexSpeer98,flightradar24
JamesF85,flightradar24
JamesF85,Danny_McMoomins
daxlucas,DennisBorrh
JamesF85,Baba_Jas
JamesF85,AlexSpeer98
JamesF85,Danny_McMoomins
TakkieWeer2,Tendar
TakkieWeer2,flightradar24
betseykilayko,daxlucas
betseykilayko,flightradar24
MatthDardenne,flightradar24
MatthDardenne,raphaelcockx
AdrianoVBastos,JamesF85
AdrianoVBastos,AlexSpeer98
AdrianoVBastos,Danny_McMoomins
AdrianoVBastos,flightradar24
Baba_Jas,JamesF85
DennisBorrh,daxlucas
DennisBorrh,flightradar24
JamesF85,Danny_McMoomins
JamesF85,AlexSpeer98
JamesF85,flightradar24
alex__anderson,ande871
alex__anderson,flightradar24
AlexSpeer98,JamesF85
AlexSpeer98,Danny_McMoomins
JamesF85,Baba_Jas
daxlucas,flightradar24
AlexSpeer98,Danny_McMoomins
AlexSpeer98,JamesF85
AlexSpeer98,flightradar24
JackDarton1,drl
JackDarton1,flightradar24
drl,JackDarton1
drl,flightradar24
RABUGENTO,alex__anderson
RABUGENTO,flightradar24
Matthiasgalante,flightradar24
AlexSpeer98,Danny_McMoomins
AlexSpeer98,JamesF85
AlexSpeer98,flightradar24
AlexSpeer98,Danny_McMoomins
AlexSpeer98,JamesF85
AlexSpeer98,flightradar24
TakkieWeer2,Tendar
TakkieWeer2,MeteomanTB
TakkieWeer2,flightradar24
JamesF85,AlexSpeer98
JamesF85,Danny_McMoomins
JamesF85,flightradar24
JamesF85,AlexSpeer98
JamesF85,Danny_McMoomins
Tendar,TakkieWeer2
Tendar,MeteomanTB
Tendar,flightradar24
drl,JackDarton1
drl,flightradar24
AlexSpeer98,Danny_McMoomins
AlexSpeer98,JamesF85
AlexSpeer98,flightradar24
JackDarton1,drl
JackDarton1,flightradar24
TakkieWeer2,Tendar
TakkieWeer2,MeteomanTB
TakkieWeer2,flightradar24
Iteration23,bjw170695
Iteration23,ande871
ande871,bjw170695
Grumpyrocker,flightradar24
Bonbibendum,flightradar24
martinzack,flightradar24
JamesF85,Danny_McMoomins
JamesF85,AlexSpeer98
JamesF85,flightradar24
MAChronicle,drl
MAChronicle,flightradar24
Steeeks,JamesF85
Steeeks,AdrianoVBastos
Steeeks,AlexSpeer98
Steeeks,Danny_McMoomins
Steeeks,flightradar24
ptico,flightradar24
TahirImran,flightradar24
drl,flightradar24
JackDarton1,drl
JackDarton1,flightradar24
AdrianoVBastos,Steeeks
AdrianoVBastos,JamesF85
AdrianoVBastos,AlexSpeer98
AdrianoVBastos,Danny_McMoomins
AdrianoVBastos,flightradar24
AdrianoVBastos,JamesF85
AdrianoVBastos,AlexSpeer98
AdrianoVBastos,Danny_McMoomins
AdrianoVBastos,flightradar24
Tendar,TakkieWeer2
Tendar,flightradar24
JamesF85,AlexSpeer98
JamesF85,Danny_McMoomins
JamesF85,flightradar24
JamesF85,AlexSpeer98
JamesF85,Danny_McMoomins
goldenlast,flightradar24
TakkieWeer2,flightradar24
MeteomanTB,TakkieWeer2
MeteomanTB,Tendar
MeteomanTB,flightradar24
TakkieWeer2,Tendar
TakkieWeer2,MeteomanTB
TakkieWeer2,flightradar24
BenDavies73,AlexSpeer98
BenDavies73,Danny_McMoomins
BenDavies73,JamesF85
Danny_McMoomins,AlexSpeer98
Danny_McMoomins,JamesF85
Danny_McMoomins,flightradar24
Danny_McMoomins,AlexSpeer98
Danny_McMoomins,JamesF85
Danny_McMoomins,flightradar24
JamesF85,Baba_Jas
JamesF85,AlexSpeer98
JamesF85,Danny_McMoomins
JamesF85,AdrianoVBastos
JamesF85,AlexSpeer98
JamesF85,Danny_McMoomins
JamesF85,flightradar24
Danny_McMoomins,AlexSpeer98
Danny_McMoomins,JamesF85
Danny_McMoomins,flightradar24
AlexSpeer98,Danny_McMoomins
AlexSpeer98,JamesF85
AlexSpeer98,flightradar24
raphaelcockx,MatthDardenne
JackDarton1,drl
JackDarton1,flightradar24
AlexSpeer98,JamesF85
AlexSpeer98,Danny_McMoomins
MeteomanTB,Tendar
MeteomanTB,TakkieWeer2
MeteomanTB,flightradar24
TakkieWeer2,MeteomanTB
TakkieWeer2,Tendar
TakkieWeer2,flightradar24
JamesF85,Danny_McMoomins
JamesF85,flightradar24
ande871,alex__anderson
ande871,flightradar24
Baba_Jas,AlexSpeer98
Baba_Jas,Danny_McMoomins
Baba_Jas,JamesF85
Baba_Jas,JamesF85
Baba_Jas,AlexSpeer98
Baba_Jas,Danny_McMoomins
Baba_Jas,JamesF85
Baba_Jas,AlexSpeer98
Baba_Jas,Danny_McMoomins
Danny_McMoomins,JamesF85
Danny_McMoomins,flightradar24
Steeeks,AdrianoVBastos
Steeeks,JamesF85
Steeeks,AlexSpeer98
Steeeks,Danny_McMoomins
Steeeks,flightradar24
alex__anderson,flightradar24
jpsconsultant,Matthiasgalante
jpsconsultant,Ideo_logiq
jpsconsultant,flightradar24
Jenn_Abrams,cnnbrk
croc716G,cnnbrk
croc716G,Janae_Classy
paloaguado,cnnbrk
mapfumos84,cnnbrk
DorothyMB,AudraEqualityMc
DorothyMB,cnnbrk
krazykristen48,cnnbrk
ISFNC,cnnbrk
SincadiviSos,cnnbrk
NatassjaKKTV,cnnbrk
LoveSymbol23,cnnbrk
seeknsave,cnnbrk
AudraEqualityMc,cnnbrk
NicolePence,Daddypantz1220
FasihaFarrukh,cnnbrk
NicolePence,cnnbrk
RockfaceMario,cnnbrk
wanlov,cnnbrk
Daddypantz1220,NicolePence
Daddypantz1220,cnnbrk
LeTrina_,cnnbrk
seeknsave,cnnbrk
doe_saturn75,foxandfriends
doe_saturn75,VLM_va
JosiahFotlex,foxandfriends
Buddy743,foxandfriends
fjdiesi,foxandfriends
artsydeezee,foxandfriends
doe_saturn75,foxandfriends
Todd_E_Anderson,foxandfriends
Todd_E_Anderson,Airbus
canthavepudding,madest
canthavepudding,foxandfriends
doe_saturn75,foxandfriends
GeorgeKrisand3,foxandfriends
1CAVXRAY6,GeorgeKrisand3
1CAVXRAY6,foxandfriends
tlaviolette1,foxandfriends
madest,foxandfriends
charliebob1029,foxandfriends
roeye22,foxandfriends
Rev_Rot,foxandfriends
sundnce99,foxandfriends
VLM_va,foxandfriends
roeye22,foxandfriends
EdWardMDBlog,tinkalee_12
EdWardMDBlog,USATODAY
EdWardMDBlog,khjelmgaard
EdWardMDBlog,USATODAY
EdWardMDBlog,khjelmgaard
KarraYertaWines,USATODAY
KarraYertaWines,khjelmgaard
peteandcaz66,USATODAY
peteandcaz66,khjelmgaard
peteandcaz66,AndreasLubitz27
EdWardMDBlog,USATODAY
EdWardMDBlog,khjelmgaard
EdWardMDBlog,USATODAY
EdWardMDBlog,khjelmgaard
LongoOlgaMaria,USATODAY
LongoOlgaMaria,khjelmgaard
pujivohocug,USATODAY
tinkalee_12,EdWardMDBlog
tinkalee_12,USATODAY
tinkalee_12,khjelmgaard
EdWardMDBlog,tinkalee_12
EdWardMDBlog,USATODAY
EdWardMDBlog,khjelmgaard
emilsoncosta,USATODAY
emilsoncosta,OliverNorthFNC
ElizaWindso,airlivenet
ElizaWindso,zerohedge
ElizaWindso,PollyR_Aviation
ElizaWindso,airlivenet
ElizaWindso,zerohedge
ElizaWindso,PollyR_Aviation
Andrews712H,airlivenet
Andrews712H,JulesSunbeam
Andrews712H,PollyR_Aviation
DeStephenPeters,airlivenet
DeStephenPeters,zerohedge
DeStephenPeters,PollyR_Aviation
eldrickthe1st,airlivenet
eldrickthe1st,zerohedge
eldrickthe1st,PollyR_Aviation
FourIsTheOne,slone
Ron_Shegda,slone
lifebythecreek,slone
Sue_Lib,linda_solka
Sue_Lib,slone
Sue_Lib,MarkinTenn
linda_solka,Sue_Lib
Chi2SoCal2LV,slone
beckized,slone
Hoosier84,slone
Hoosier84,instapundit
redskin_potato,slone
NoreenR1,Diworsity
NoreenR1,Linnlondon1
NoreenR1,slone
crowthinks,slone
crowthinks,s_navroop
crowthinks,DebashishHiTs
samiraTa1,slone
samiraTa1,slone
mark47xt,slone
cammaccam,slone
HiDesertPatriot,slone
HiDesertPatriot,JrJacktown
Diworsity,slone
statisticsphd,slone
ACMESalesRep,slone
linda_solka,slone
linda_solka,MarkinTenn
JrJacktown,HiDesertPatriot
JrJacktown,slone
Aryavarta_,ndtv
Aryavarta_,mediacrooks
Aryavarta_,DrShobha
subhashsolanki,mediacrooks
subhashsolanki,DrShobha
vschanna,mediacrooks
vschanna,DrShobha
DrShobha,mediacrooks
koolk74,mediacrooks
koolk74,DrShobha
koolk74,TRobinsonNewEra
avdesh70599595,mediacrooks
avdesh70599595,DrShobha
bnnaren,mediacrooks
bnnaren,DrShobha
avdesh70599595,mediacrooks
avdesh70599595,DrShobha
Corvus_Keeper,mediacrooks
Corvus_Keeper,DrShobha
GandhiToNehru,mediacrooks
GandhiToNehru,DrShobha
prakashsalvi55,mediacrooks
prakashsalvi55,DrShobha
Corvus_Keeper,mediacrooks
Corvus_Keeper,DrShobha
fazlabas,mediacrooks
fazlabas,DrShobha
ExSecular,mediacrooks
ExSecular,Aks9009Pa
ExSecular,DrShobha
TarunMain,mediacrooks
TarunMain,DrShobha
_InExtremis,mediacrooks
_InExtremis,DrShobha
ganapathyhegde,Hasilsah
ganapathyhegde,SanghArmy
ganapathyhegde,SanghArmy
Hasilsah,ganapathyhegde
Hasilsah,SanghArmy
shivrajshirale,SanghArmy
shivrajshirale,iPraveenDixit
rajesh_sh09,SanghArmy
ganapathyhegde,Hasilsah
ganapathyhegde,SanghArmy
Hasilsah,SanghArmy
rajesh_sh09,SanghArmy
IL4me,cox24563
IL4me,DrMartyFox
IL4me,GolanMay
PattiAMcCartney,DrMartyFox
PattiAMcCartney,peddoc63
PattiAMcCartney,LindaSuhler
PattiAMcCartney,gatewaypundit
tpel78,EelPieLtd
tpel78,DrMartyFox
tpel78,ThePatriot143
JackJolis,DrMartyFox
bucker125,DrMartyFox
PattiAMcCartney,RachelCohen12
PattiAMcCartney,DrMartyFox
e2pilot,DrMartyFox
e2pilot,GolanMay
RachelCohen12,DrMartyFox
lorabruncke,JackJolis
lorabruncke,DrMartyFox
cox24563,IL4me
cox24563,DrMartyFox
cox24563,GolanMay
wilywagtail,DrMartyFox
LadySandersfarm,RachelCohen12
LadySandersfarm,DrMartyFox
th_christine,DrMartyFox
th_christine,RickCanton
cox24563,DrMartyFox
ChrisCoon4,th_christine
ChrisCoon4,DrMartyFox
ChrisCoon4,RickCanton
PattiAMcCartney,DrMartyFox
PattiAMcCartney,peddoc63
PattiAMcCartney,LindaSuhler
PattiAMcCartney,gatewaypundit
jonorose,DrMartyFox
jonorose,etabori
IL4me,DrMartyFox
IL4me,GolanMay
spiransky,DrMartyFox
spiransky,recedam1
spiransky,abd_charlie
spiransky,AbouDjaffar
EelPieLtd,DrMartyFox
EelPieLtd,ThePatriot143
ToddDJohnson1,DrMartyFox
ToddDJohnson1,RickCanton
__keiske,DrMartyFox
TaylorGal4ev,lucash6a
ChristineStergi,AC360
ChristineStergi,nytimes
Caniglad,AC360
Caniglad,nytimes
KKarazoun,AC360
KKarazoun,nytimes
Mindbridge,AC360
Mindbridge,winterthur
Mindbridge,nytimes
cancunfun,AC360
cancunfun,nytimes
Live2Tell,AC360
Live2Tell,AC360
lucash6a,TaylorGal4ev
rinkkidink,AC360
rinkkidink,nytimes
blushingrodeo,AC360
blushingrodeo,nytimes
WABASHFLASH,AC360
WABASHFLASH,nytimes
ryanberkofsky,AC360
ryanberkofsky,nytimes
TaylorGal4ev,AC360
TaylorGal4ev,nytimes
JacketNation,davejsteele
JacketNation,MailOnline
JacketNation,jcrew756
davejsteele,MailOnline
JacketNation,davejsteele
JacketNation,MailOnline
JacketNation,jcrew756
Jane0brien,MailOnline
junglegirlSim,MailOnline
davejsteele,JacketNation
davejsteele,MailOnline
davejsteele,jcrew756
teaorcoffeeorme,DrColJenni
teaorcoffeeorme,lauferlaw
teaorcoffeeorme,LIVE_COVERAGE
teaorcoffeeorme,MailOnline
davejsteele,JacketNation
davejsteele,MailOnline
davejsteele,jcrew756
isthatyoudav,MailOnline
LIVE_COVERAGE,teaorcoffeeorme
LIVE_COVERAGE,MailOnline
parkerlizz,MailOnline
raffles727,MailOnline
Jxnewton,MailOnline
Jxnewton,DavidMixner
7PinkPanther7,MailOnline
7PinkPanther7,p_bolduc
teaorcoffeeorme,MailOnline
chiaraminetti,MailOnline
lauferlaw,teaorcoffeeorme
lauferlaw,LIVE_COVERAGE
lauferlaw,MailOnline
LIVE_COVERAGE,MailOnline
DrColJenni,teaorcoffeeorme
DrColJenni,lauferlaw
DrColJenni,LIVE_COVERAGE
DrColJenni,MailOnline
JacketNation,MailOnline
JacketNation,jcrew756
XsimplyitalianX,MailOnline
XsimplyitalianX,bagshaw2112
JacketNation,davejsteele
JacketNation,MailOnline
JacketNation,jcrew756
dancarnelly,MailOnline
teaorcoffeeorme,lauferlaw
teaorcoffeeorme,LIVE_COVERAGE
teaorcoffeeorme,MailOnline
7PinkPanther7,MailOnline
7PinkPanther7,p_bolduc
JacketNation,davejsteele
JacketNation,MailOnline
JacketNation,jcrew756
JacketNation,davejsteele
JacketNation,MailOnline
JacketNation,jcrew756
ckwadrat,Donegal777
ckwadrat,AirlineFlyer
bshactman,JMichaelsNews
bshactman,AirlineFlyer
bshactman,flightradar24
bshactman,NECN
pan_kokkalis,AirlineFlyer
zbw_atc,AirlineFlyer
cornelio1147,AirlineFlyer
cornelio1147,flightradar24
csrobbins,AirlineFlyer
csrobbins,RunwayGirl
csrobbins,flightradar24
Donegal777,aerotic__de
Donegal777,ckwadrat
Donegal777,AirlineFlyer
pan_kokkalis,AirlineFlyer
TahirImran,AirlineFlyer
TahirImran,flightradar24
AirlineFlyer,pan_kokkalis
AirlineFlyer,zbw_atc
AirlineFlyer,pan_kokkalis
pan_kokkalis,AirlineFlyer
floehr,AirlineFlyer
floehr,RunwayGirl
floehr,flightradar24
Donegal777,AirlineFlyer
Donegal777,flightradar24
JMichaelsNews,AirlineFlyer
JMichaelsNews,flightradar24
aerotic__de,ckwadrat
aerotic__de,Donegal777
aerotic__de,AirlineFlyer
AirlineFlyer,pan_kokkalis
aerotic__de,Donegal777
aerotic__de,ckwadrat
aerotic__de,AirlineFlyer
Donegal777,AirlineFlyer
Donegal777,flightradar24
pan_kokkalis,AirlineFlyer
AirlineFlyer,cornelio1147
caribnews,flightradar24
danieljaws93,flightradar24
BruceHoult,flightradar24
SasCaptain,AberJohnny
mattnobby,flightradar24
SasCaptain,flightradar24
neilh1983,mattnobby
IgnacioZippy,danieljaws93
IgnacioZippy,flightradar24
aeroalexGR,danieljaws93
AberJohnny,athletespw
AberJohnny,SasCaptain
AberJohnny,flightradar24
zbw_atc,flightradar24
neilh1983,SasCaptain
neilh1983,flightradar24
TheFlyingEnggnr,flightradar24
SmileMoreDubai,SasCaptain
SmileMoreDubai,flightradar24
athletespw,SasCaptain
athletespw,flightradar24
Christian_Reith,SasCaptain
Christian_Reith,flightradar24
kayoazul,flightradar24
kayoazul,Gerogriniaris
OXODB7,flightradar24
IgnacioZippy,danieljaws93
IgnacioZippy,flightradar24
JQuerton,SasCaptain
JQuerton,flightradar24
SasCaptain,SmileMoreDubai
SasCaptain,flightradar24
SmileMoreDubai,SasCaptain
SmileMoreDubai,flightradar24
neilh1983,mattnobby
neilh1983,flightradar24
SasCaptain,athletespw
mattnobby,neilh1983
mattnobby,neilh1983
mattnobby,flightradar24
SasCaptain,SmileMoreDubai
SasCaptain,flightradar24
SmileMoreDubai,SasCaptain
SmileMoreDubai,flightradar24
danieljaws93,IgnacioZippy
danieljaws93,flightradar24
antti_engineer,SasCaptain
mattnobby,neilh1983
mattnobby,flightradar24
aeroalexGR,danieljaws93
SasCaptain,antti_engineer
GloriousesFree,flightradar24
danieljaws93,aeroalexGR
neilh1983,mattnobby
neilh1983,flightradar24
neilh1983,mattnobby
neilh1983,flightradar24
rubake,nprnews
TheReal_Haywire,nprnews
danylpr,nprnews
amras,nprnews
fritzb43,nprnews
david_burns,SPLaws
SPLaws,david_burns
SPLaws,MorningEdition
SPLaws,nprnews
justincapps,nprnews
larchuk,nprnews
kmoto312,nprnews
kmoto312,JonRottenberg
dianaenlinea,amras
dianaenlinea,nprnews
iaivanalves424,nprnews
NotWorkingPhD,nprnews
david_burns,SPLaws
SPLaws,david_burns
TheReal_Haywire,nprnews
Chicano711,david_burns
Chicano711,MorningEdition
fritzb43,justincapps
fritzb43,nprnews
david_burns,nprnews
david_burns,MorningEdition
SPLaws,david_burns
futurescoundrel,nprnews
jsuttonmorse,nprnews
jsuttonmorse,MorningEdition
dianaenlinea,nprnews
paigearth,david_burns
paigearth,nprnews
amras,nprnews
NYCAviation,nycjim
aalpm11,SonofLiberty357
aalpm11,Psysamurai33317
aalpm11,gatewaypundit
Psysamurai33317,CajunJarhead
Psysamurai33317,SonofLiberty357
Psysamurai33317,gatewaypundit
shonnarobinson,SonofLiberty357
shonnarobinson,gatewaypundit
LodiSilverado,SonofLiberty357
LodiSilverado,gatewaypundit
elisamich0422,SonofLiberty357
elisamich0422,gatewaypundit
2timeslucky,SonofLiberty357
2timeslucky,lyonspride121
2timeslucky,gatewaypundit
littlepeep09,SonofLiberty357
littlepeep09,peddoc63
littlepeep09,gatewaypundit
gwbehn,LodiSilverado
gwbehn,SonofLiberty357
gwbehn,gatewaypundit
CajunJarhead,cheydakjo
CajunJarhead,SonofLiberty357
CajunJarhead,Psysamurai33317
CajunJarhead,gatewaypundit
bean3ie,ShahapurkarAnil
bean3ie,LodiSilverado
bean3ie,SonofLiberty357
SonofLiberty357,LodiSilverado
SonofLiberty357,gatewaypundit
cheydakjo,CajunJarhead
cheydakjo,SonofLiberty357
cheydakjo,Psysamurai33317
cheydakjo,gatewaypundit
tweetwen115,SonofLiberty357
tweetwen115,gatewaypundit
lyonspride121,SonofLiberty357
lyonspride121,gatewaypundit
ShahapurkarAnil,LodiSilverado
ShahapurkarAnil,SonofLiberty357
cheydakjo,CajunJarhead
cheydakjo,SonofLiberty357
cheydakjo,Psysamurai33317
cheydakjo,gatewaypundit
McClaneApocalyp,LodiSilverado
McClaneApocalyp,SonofLiberty357
McClaneApocalyp,gatewaypundit
Psysamurai33317,cheydakjo
Psysamurai33317,CajunJarhead
Psysamurai33317,SonofLiberty357
Psysamurai33317,gatewaypundit
MiniMagg,SonofLiberty357
MiniMagg,gatewaypundit
oldhickory49,elisamich0422
oldhickory49,SonofLiberty357
oldhickory49,gatewaypundit
gwhinton,LodiSilverado
gwhinton,SonofLiberty357
gwhinton,gatewaypundit
20_watt,SonofLiberty357
20_watt,gatewaypundit
cheydakjo,CajunJarhead
cheydakjo,SonofLiberty357
cheydakjo,Psysamurai33317
cheydakjo,gatewaypundit
kenk22,SonofLiberty357
kenk22,gatewaypundit
CajunJarhead,SonofLiberty357
CajunJarhead,Psysamurai33317
CajunJarhead,gatewaypundit
ShahapurkarAnil,LodiSilverado
jarvis83mufc,SkyNews
ADZtbh,SkyNews
SCH451,SkyNews
RobinsonDarryl,SkyNews
keithlemon88,SkyNews
ElaineHynes3,SkyNews
yateet,airlivenet
yateet,DaoodButt
sophieryves,airlivenet
Angie273687,CNBCnow
Angie273687,CNBC
BenardOmenya,CNBCnow
mohantexas,CNBCnow
mohantexas,CNBC
beingmonir,CNBCnow
wenols91,CNBCnow
dreamcatcher5,CNBCnow
dreamcatcher5,Siestoylista
PencicGoran,CNBCnow
mickivoss,CNBCnow
mickivoss,HaroldWNelson
JohnBeechy,CNBCnow
JohnBeechy,CNBC
wrosarion,CNBCnow
wrosarion,wrosarion
innenleer,CNBCnow
SarahADR,CNBCnow
MikyeilaMode,CNBCnow
exclusivelee123,CNBCnow
dreamcatcher5,CNBCnow
dreamcatcher5,Siestoylista
Siestoylista,dreamcatcher5
Siestoylista,CNBCnow
therealemousse,CNBCnow
Willjedward90,CNBCnow
saadbjohan,zulazry
BPremadona,zulazry
royr57,zulazry
zulazry,saadbjohan
HalawaMark,zulazry
zulazry,saadbjohan
PadovaniCinzia,zulazry
zulazry,saadbjohan
saadbjohan,zulazry
KGfanlari,zulazry
KGfanlari,saadbjohan
IndiBlu,SallyRMelb
IndiBlu,hamishNews
Andrew_SW,lufthansa
ziadjouharji,sss55aaa
MilanLjubincic,lufthansa
sss55aaa,ziadjouharji
sss55aaa,lufthansa
HskrTheatreGeek,lufthansa
sihabfaqih,lufthansa
tkatsumi06j,lufthansa
tkatsumi06j,germanwings
adriansal,lufthansa
DaminehUtd,lufthansa
nedaaldihany,lufthansa
PatyGallardo,lufthansa
PatyGallardo,germanwings
QraElf,lufthansa
QraElf,germanwings
PMIRoca,lufthansa
ziadjouharji,lufthansa
Hobby_Fussball,lufthansa
sss55aaa,ziadjouharji
chiap19,lufthansa
PatyGallardo,lufthansa
flackster,Reuters
rmdean007,The_Mos_Native
rmdean007,Reuters
wheelchairant,Reuters
adalbertoscaio,Reuters
webkenni,Reuters
webkenni,JaldesaAdan
Kiezkickerde,Reuters
HeteroWhiteMan,Reuters
HeteroWhiteMan,CircusMaximus14
ManoelServal,Reuters
omniabarakat,adalbertoscaio
adalbertoscaio,omniabarakat
adalbertoscaio,Reuters
Ceff00,Reuters
Dinesco,Reuters
omniabarakat,adalbertoscaio
omniabarakat,Reuters
adalbertoscaio,Reuters
The_Mos_Native,Reuters
rjmendera,Reuters
quantum1021,Reuters
dr_farg,Reuters
TahreenAkbar,Reuters
PikkuIitu,guardian
stayingtrueMUC,guardian
likugezesut,guardian
Jarretnoirs,RT_com
CarneiroPaulo,RT_com
BradCabana,RT_com
tommy_ng_,RT_com
otterom,RT_com
SinaSocratic,RT_com
LMExtra,RT_com
J_Leis,RT_com
maggieKTVB7,TODAYshow
maggieKTVB7,BillNeelyNBC
awdnewsgerman,TODAYshow
awdnewsgerman,BillNeelyNBC
thetopstoryWYFF,TODAYshow
thetopstoryWYFF,BillNeelyNBC
Lordishope,tseymat
Lordishope,euronews
Lehona_Toeather,germanwings
Lehona_Toeather,tseymat
meselem58,tseymat
meselem58,atasozutok
awdnewsgerman,tseymat
ratanb,Tburgeswatson
ratanb,FchampeyF24
Tburgeswatson,ratanb
Tburgeswatson,FchampeyF24
TamaraOnStuff,USATODAY
ReddingWriting,USATODAY
SilSterinPensel,USATODAY
betseykilayko,USATODAY
justaman197153,JummyTV
JummyTV,USATODAY
saemaigo,Reuters
DiEgOn_07,Reuters
Inthiqab93,Reuters
Inthiqab93,biginberson
mdl914,Reuters
jooilong,Reuters
bizarreglobehop,Reuters
prusianita,Reuters
CoopsNath,Reuters
tradercoach,dennismaingo95
tradercoach,Reuters
Hinessightblog,Reuters
geeloreyz,Reuters
Alaify,Reuters
raju40047311,Reuters
CleSimons,Reuters
jaideeprangam,Reuters
dennismaingo95,Reuters
jessamangune,Reuters
ruibpires,Reuters
titaniaruth,MichaelSkolnik
ISeaman56,MichaelSkolnik
ilbznu3,MichaelSkolnik
aindrereeceshee,UlrichJvV
the_Martain,UlrichJvV
sikaniamtb,UlrichJvV
SezaiSen,UlrichJvV
GondweAnthony,UlrichJvV
mary_swilling,UlrichJvV
ptrt7,UlrichJvV
ptrt7,affinity292
mestizonat,UlrichJvV
GaninaSA,UlrichJvV
ElenaGreandia,UlrichJvV
OdetteVGomis,UlrichJvV
conycat,LucyHockingsBBC
conycat,bbcnewsjapan
conycat,BBCWorld
kimijtoo,LucyHockingsBBC
kimijtoo,BBCWorld
kipster003,9NewsAUS
kipster003,LauraTurner_9
jxstnn,9NewsAUS
jxstnn,9NewsSyd
martydownunder,9NewsAUS
septemberndtt,ReutersWorld
awdnewsgerman,stefandevries
Mina001,USAlivestrong
Mina001,LindaSuhler
lexingtondecor,inrealisation
lexingtondecor,USAlivestrong
viptandon,whitepawlowry
viptandon,USAlivestrong
RobertgrizzlyP,whitepawlowry
RobertgrizzlyP,viptandon
RobertgrizzlyP,USAlivestrong
inrealisation,lexingtondecor
inrealisation,USAlivestrong
inrealisation,lexingtondecor
inrealisation,USAlivestrong
inrealisation,lexingtondecor
inrealisation,USAlivestrong
whitepawlowry,viptandon
whitepawlowry,USAlivestrong
whitepawlowry,RobertgrizzlyP
whitepawlowry,viptandon
whitepawlowry,USAlivestrong
RobertgrizzlyP,whitepawlowry
RobertgrizzlyP,viptandon
RobertgrizzlyP,USAlivestrong
RobertgrizzlyP,USAlivestrong
RobertgrizzlyP,whitepawlowry
RobertgrizzlyP,viptandon
USAlivestrong,inrealisation
USAlivestrong,lexingtondecor
USAlivestrong,BasimaFaysal
USAlivestrong,RobertgrizzlyP
USAlivestrong,whitepawlowry
USAlivestrong,viptandon
USAlivestrong,whitepawlowry
USAlivestrong,viptandon
clistenes21,USAlivestrong
clistenes21,DrMartyFox
inrealisation,USAlivestrong
inrealisation,lexingtondecor
inrealisation,BasimaFaysal
USAlivestrong,lexingtondecor
USAlivestrong,inrealisation
viptandon,whitepawlowry
viptandon,USAlivestrong
whitepawlowry,USAlivestrong
whitepawlowry,viptandon
USAlivestrong,clistenes21
USAlivestrong,DrMartyFox
lexingtondecor,inrealisation
lexingtondecor,USAlivestrong
USAlivestrong,Mina001
USAlivestrong,LindaSuhler
Mina001,USAlivestrong
Mina001,LindaSuhler
melodycurtiss,cnni
ryanairdontcare,cnni
fauherklots,cnni
ThinkKu,cnni
DianneG,cnni
chipbunn,Taxpayers1234
chipbunn,wingedcrossbill
chipbunn,gatewaypundit
wingedcrossbill,chipbunn
wingedcrossbill,Taxpayers1234
NoahWehrman,gatewaypundit
wingedcrossbill,KingGuthrum
tweetwen115,riwired
tweetwen115,gatewaypundit
tweetwen115,QuiteDirect
lifebythecreek,NoahWehrman
lifebythecreek,gatewaypundit
wingedcrossbill,chipbunn
Gratitude47,gatewaypundit
craig_s_bell,gatewaypundit
KingGuthrum,gatewaypundit
RosaleeAdams,gatewaypundit
collinsrcgirl,gatewaypundit
collinsrcgirl,NoahWehrman
lifebythecreek,NoahWehrman
lifebythecreek,gatewaypundit
riwired,gatewaypundit
riwired,QuiteDirect
albybrava,gatewaypundit
lifebythecreek,NoahWehrman
lifebythecreek,gatewaypundit
wingedcrossbill,riwired
RosaleeAdams,NoahWehrman
RosaleeAdams,gatewaypundit
mkues65,NoahWehrman
mkues65,APLMom
mkues65,gatewaypundit
Taxpayers1234,wingedcrossbill
JaayZen,gatewaypundit
Gratitude47,gatewaypundit
Taxpayers1234,gatewaypundit
RosaleeAdams,lifebythecreek
RosaleeAdams,Juanita_Estrada
RosaleeAdams,NoahWehrman
RosaleeAdams,gatewaypundit
awdnewsgerman,XHNews
127bama,e2pilot
127bama,DefendWallSt
127bama,ThePatriot143
127bama,AlysiaStern
Adnan_Z11,alphatango4141
127bama,e2pilot
127bama,DefendWallSt
127bama,ThePatriot143
127bama,AlysiaStern
alphatango4141,hvd713
alphatango4141,ThePatriot143
BDH_Knight,ThePatriot143
BDH_Knight,KevinMcCoyONeil
davidf4444,weisssusie
davidf4444,ThePatriot143
127bama,e2pilot
127bama,DefendWallSt
127bama,ThePatriot143
127bama,AlysiaStern
e2pilot,127bama
e2pilot,DefendWallSt
e2pilot,ThePatriot143
e2pilot,AlysiaStern
e2pilot,127bama
e2pilot,DefendWallSt
e2pilot,ThePatriot143
e2pilot,AlysiaStern
weisssusie,davidf4444
weisssusie,ThePatriot143
DefendWallSt,127bama
DefendWallSt,ThePatriot143
DefendWallSt,AlysiaStern
DefendWallSt,ThePatriot143
DefendWallSt,AlysiaStern
127bama,e2pilot
127bama,DefendWallSt
127bama,ThePatriot143
127bama,AlysiaStern
red_boxer0,DefendWallSt
alphatango4141,Adnan_Z11
BDH_Knight,KevinMcCoyONeil
BDH_Knight,ThePatriot143
davidf4444,weisssusie
davidf4444,ThePatriot143
1776BetsyRoss,sheild59
1776BetsyRoss,ThePatriot143
127bama,DefendWallSt
127bama,ThePatriot143
127bama,AlysiaStern
sheild59,ThePatriot143
davidf4444,Kevin3505
davidf4444,ThePatriot143
davidf4444,AlysiaStern
hvd713,ThePatriot143
e2pilot,127bama
e2pilot,DefendWallSt
e2pilot,ThePatriot143
e2pilot,AlysiaStern
weisssusie,ThePatriot143
e2pilot,127bama
e2pilot,DefendWallSt
e2pilot,ThePatriot143
e2pilot,AlysiaStern
127bama,DefendWallSt
127bama,ThePatriot143
127bama,AlysiaStern
davidf4444,weisssusie
davidf4444,ThePatriot143
KNDetweiler,ThePatriot143
KNDetweiler,AlysiaStern
Kevin3505,ThePatriot143
Kevin3505,AlysiaStern
e2pilot,127bama
e2pilot,DefendWallSt
e2pilot,ThePatriot143
e2pilot,AlysiaStern
DefendWallSt,127bama
DefendWallSt,ThePatriot143
DefendWallSt,AlysiaStern
KevinMcCoyONeil,BDH_Knight
KevinMcCoyONeil,ThePatriot143
Voltairesande,minefornothing
dvk1970,minefornothing
grillteam83,airlivenet
grillteam83,dylweet
Rangith,airlivenet
asianchiko,airlivenet
BeirutiBrit,airlivenet
BeirutiBrit,SophatSoeung
StewartRodger,neilmac1123
StewartRodger,airlivenet
grillteam83,dylweet
grillteam83,airlivenet
AAhronheim,airlivenet
grillteam83,lurchielurchie
grillteam83,dylweet
grillteam83,airlivenet
surenmcj,airlivenet
MarsKlijn,airlivenet
MarsKlijn,LamyaeA
Piefos,airlivenet
giapao,airlivenet
rachidb,airlivenet
lurchielurchie,dylweet
lurchielurchie,grillteam83
lurchielurchie,airlivenet
Jegaa04,airlivenet
stayinthailand,airlivenet
cajon_man,airlivenet
dylweet,grillteam83
dylweet,airlivenet
Trulith,airlivenet
Trulith,OmarJuve83
lurchielurchie,grillteam83
lurchielurchie,dylweet
lurchielurchie,airlivenet
awdnewsgerman,marcburleigh
CoraBuhlert,riwired
CoraBuhlert,Orvan
wombat2u2004,KapilSpeaks
wombat2u2004,Jen3578
wombat2u2004,riwired
wombat2u2004,wuhokay
wombat2u2004,Thew3B
prittstift_nl,riwired
prittstift_nl,riwired
Jen3578,wuhokay
Jen3578,Thew3B
riwired,CoraBuhlert
riwired,Orvan
riwired,prittstift_nl
rejashbob,riwired
rejashbob,Orvan
prittstift_nl,riwired
KapilSpeaks,Jen3578
KapilSpeaks,riwired
KapilSpeaks,wuhokay
KapilSpeaks,Thew3B
iamnotthedroid,SPIEGEL_English
awdnewsgerman,SPIEGEL_English
Gordon_R74,rConflictNews
Gordon_R74,rinmor
Gordon_R74,flightradar24
LluisMarti,rConflictNews
LluisMarti,flightradar24
MarleyLuhn,AircraftTalking
MarleyLuhn,germanwings
mishaelemilyy,NotoriousAlya
mishaelemilyy,lilisurayaaaa
mishaelemilyy,NotoriousAlya
mishaelemilyy,lilisurayaaaa
mishaelemilyy,501Awani
addakamil,501Awani
mishaelemilyy,lilisurayaaaa
mishaelemilyy,NotoriousAlya
mishaelemilyy,501Awani
AviationSafety,CrossMacro
CrossMacro,AviationSafety
shamma1977,AviationSafety
LordLucan66,BoringMoAnsar
LordLucan66,JihadistJoe
Laguanlee,BoringMoAnsar
Laguanlee,JihadistJoe
ZedTrafficker,BoringMoAnsar
ZedTrafficker,JihadistJoe
stevenwardsw,BoringMoAnsar
stevenwardsw,JihadistJoe
hal5770,BoringMoAnsar
hal5770,JihadistJoe
nottheedge,NorRJ23
nottheedge,flightradar24
asmallteaser,flightradar24
asmallteaser,STVGrant
NorRJ23,nottheedge
NorRJ23,flightradar24
nottheedge,flightradar24
GerdVdB1,flightradar24
nottheedge,flightradar24
tifosikrishna,BigGohonas
tifosikrishna,flightradar24
neilh1983,BigGohonas
neilh1983,flightradar24
BigGohonas,flightradar24
0mgould,flightradar24
ValentinVassas,flightradar24
Guidecco,flightradar24
_RobertoMartin,flightradar24
sathish0808,flightradar24
_RobertoMartin,germanwings
GreenAlex_,flightradar24
NorRJ23,nottheedge
NorRJ23,flightradar24
Fatmamagdi,flightradar24
nottheedge,NorRJ23
nottheedge,flightradar24
Yespur,flightradar24
nottheedge,flightradar24
SaltanZyuba,flightradar24
Blohminator,flightradar24
asiokope,EdiFFM
asiokope,ffschweden
asiokope,gebauerspon
andreascseh,gebauerspon
ffschweden,gebauerspon
ffschweden,Ripilen
ffschweden,gebauerspon
asiokope,ffschweden
asiokope,gebauerspon
asiokope,EdiFFM
asiokope,ffschweden
asiokope,gebauerspon
jonrohnson,gebauerspon
Ripilen,ffschweden
Ripilen,gebauerspon
Cephalinia,gebauerspon
EdiFFM,ffschweden
EdiFFM,gebauerspon
Cephalinia,gebauerspon
Ripilen,ffschweden
Ripilen,gebauerspon
alekshah,andreascseh
alekshah,fonealign
alekshah,gebauerspon
alekshah,gebauerspon
jonrohnson,gebauerspon
bopanc,gebauerspon
isodera,gebauerspon
Van_der_Leun,gebauerspon
AlwynNeil,AuskarSurbakti
AskGregory,BBCRosAtkins
Bitter_American,HommerGSimpson
Bitter_American,ChrisCuomo
Bitter_American,nytimes
Bitter_American,BarackObama
Bitter_American,WhiteHouse
Bitter_American,PressSec
beytamover,ChrisCuomo
beytamover,RyanJCroft
beytamover,nytimes
AaronLucchetti,ChrisCuomo
AaronLucchetti,nytimes
ihatepundits,ChrisCuomo
ihatepundits,MZHemingway
ihatepundits,nytimes
ChrisCuomo,Thekingindeed
ChrisCuomo,ChrisCuomo
PinkkrushG,ChrisCuomo
PinkkrushG,GOPBlackChick
PinkkrushG,nytimes
d_jote,ChrisCuomo
d_jote,Thekingindeed
felixayala05,germanwings
felixayala05,HommerGSimpson
felixayala05,Bitter_American
felixayala05,ChrisCuomo
felixayala05,nytimes
MRyan1154,ChrisCuomo
MRyan1154,nytimes
anandjfrancis,ChrisCuomo
anandjfrancis,alpipkin
anandjfrancis,nytimes
felixayala05,HommerGSimpson
felixayala05,Bitter_American
felixayala05,ChrisCuomo
felixayala05,nytimes
d_jote,ChrisCuomo
d_jote,Thekingindeed
Thekingindeed,ChrisCuomo
VARGAgallery,ChrisCuomo
VARGAgallery,Thekingindeed
MRyan1154,kadkins000
MRyan1154,ChrisCuomo
MRyan1154,nytimes
swaindiana,ChrisCuomo
swaindiana,nytimes
NCLEXprof,ChrisCuomo
NCLEXprof,Thekingindeed
kadkins000,MRyan1154
kadkins000,ChrisCuomo
kadkins000,nytimes
HommerGSimpson,ChrisCuomo
HommerGSimpson,Bitter_American
HommerGSimpson,nytimes
Thekingindeed,ChrisCuomo
BlckdByJilZarin,ChrisCuomo
BlckdByJilZarin,nytimes
ihatepundits,kadkins000
ihatepundits,MRyan1154
ihatepundits,ChrisCuomo
ihatepundits,nytimes
hassan33035664,DailyMirror
citydobbie,DailyMirror
xclaireninax,DailyMirror
gemgirl6339,DailyMirror
ShawMcIver,DailyMirror
autumn_fall,DailyMirror
FierceDinosaur,TerryMoran
Realronmexico99,TerryMoran
Realronmexico99,KNegandhiESPN
andyrobuk,TerryMoran
Fdesion,TerryMoran
Fdesion,GStephanopoulos
MrRobinson,TerryMoran
MrRobinson,ABC
ukthesully,TerryMoran
ukthesully,KNegandhiESPN
MaverickTI,TerryMoran
LetItBurnUSA,TerryMoran
LetItBurnUSA,BiasedGirl
DirtyTires,TerryMoran
DirtyTires,ABC
SharonHamers,TerryMoran
SharonHamers,GStephanopoulos
Ohmaar1,TerryMoran
Ohmaar1,ABC
Numbr1critic,TerryMoran
Numbr1critic,ABC
sushilpershad,TerryMoran
sushilpershad,WNTonight
Graham_Photo,rladdi1
Graham_Photo,TerryMoran
Graham_Photo,WNTonight
sarahedyer,TerryMoran
sarahedyer,GStephanopoulos
sissiboo_smith,TerryMoran
sissiboo_smith,WNTonight
RussADeCastro,TerryMoran
RussADeCastro,GStephanopoulos
rladdi1,TerryMoran
rladdi1,WNTonight
cbm1971,flightradar24
LaurenEPrince,flightradar24
JakeLewisF1,_RobertoMartin
JakeLewisF1,_RobertoMartin
JakeLewisF1,flightradar24
_RobertoMartin,JakeLewisF1
_RobertoMartin,JakeLewisF1
tuffpuff,flightradar24
Sophia_Tran,flightradar24
wdowell,flightradar24
JakeLewisF1,_RobertoMartin
JakeLewisF1,_RobertoMartin
JakeLewisF1,_RobertoMartin
_RobertoMartin,JakeLewisF1
SietseBakker,flightradar24
kschzt,flightradar24
JakeLewisF1,_RobertoMartin
JakeLewisF1,flightradar24
Cpt_Fracassa,JakeLewisF1
Cpt_Fracassa,_RobertoMartin
Cpt_Fracassa,flightradar24
_RobertoMartin,JakeLewisF1
_RobertoMartin,JakeLewisF1
_RobertoMartin,flightradar24
JakeLewisF1,Cpt_Fracassa
JakeLewisF1,_RobertoMartin
JakeLewisF1,flightradar24
_RobertoMartin,flightradar24
GhimirePrashant,ViolentVeggy
AndyZKCTV5,flightradar24
TomPodolec,flightradar24
samridhiYS,flightradar24
JakeLewisF1,_RobertoMartin
chrullrich,cbm1971
chrullrich,flightradar24
_RobertoMartin,JakeLewisF1
JakeLewisF1,_RobertoMartin
JakeLewisF1,flightradar24
dorothyier,flightradar24
ViolentVeggy,flightradar24
ViolentVeggy,GhimirePrashant
fawziyam2,AbedaDocrat
MuojahiedJeyt1,AbedaDocrat
Watz0n,AFP
pui_tuangporn,AFP
Bokfinken4,USATODAY
dryflipflop,USATODAY
EternalWeather1,Phil_Buck
EternalWeather1,SarahFortnerWx
EternalWeather1,USATODAY
maggieKTVB7,USATODAY
BigSteveShow,USATODAY
Phil_Buck,USATODAY
tvafricanetwork,USATODAY
rachelgshepherd,USATODAY
ltmelvin,USATODAY
stranaconda,USATODAY
TexMexLoveBear,USATODAY
TexMexLoveBear,LUPITAMARTINEZA
Bustre_eBooks,BigSteveShow
Bustre_eBooks,USATODAY
jopel69,Soultrexon
jopel69,DailyMirror
Soultrexon,g_kearnan
Soultrexon,DailyMirror
g_kearnan,Soultrexon
g_kearnan,DailyMirror
Soultrexon,g_kearnan
Soultrexon,DailyMirror
Soultrexon,g_kearnan
Soultrexon,DailyMirror
Soultrexon,parMaster
Soultrexon,DailyMirror
g_kearnan,Soultrexon
jopel69,DailyMirror
g_kearnan,Soultrexon
Soultrexon,jopel69
Soultrexon,DailyMirror
g_kearnan,DailyMirror
Soultrexon,g_kearnan
Soultrexon,g_kearnan
Soultrexon,DailyMirror
g_kearnan,Soultrexon
g_kearnan,DailyMirror
JeffreyKStewart,DailyMirror
JeffreyKStewart,KenyanTraffic
Soultrexon,jopel69
parMaster,DailyMirror
Soultrexon,g_kearnan
Soultrexon,jopel69
g_kearnan,Soultrexon
g_kearnan,DailyMirror
Soultrexon,g_kearnan
Soultrexon,DailyMirror
g_kearnan,Soultrexon
g_kearnan,DailyMirror
g_kearnan,Soultrexon
Soultrexon,g_kearnan
Soultrexon,DailyMirror
QUEENEBEE121967,DailyMirror
QUEENEBEE121967,AHammond_WREG3
jopel69,Soultrexon
g_kearnan,Soultrexon
g_kearnan,DailyMirror
Soultrexon,DailyMirror
Soultrexon,g_kearnan
Soultrexon,DailyMirror
Soultrexon,g_kearnan
Soultrexon,DailyMirror
Soultrexon,g_kearnan
g_kearnan,Soultrexon
g_kearnan,DailyMirror
jopel69,Soultrexon
Soultrexon,jopel69
Soultrexon,DailyMirror
g_kearnan,Soultrexon
g_kearnan,DailyMirror
g_kearnan,Soultrexon
ImAmberHahn,NuggetSayYou
ImAmberHahn,FoxNews
ImAmberHahn,SalVulcano
maryjones1417,FoxNews
NuggetSayYou,FoxNews
NuggetSayYou,ImAmberHahn
NuggetSayYou,SalVulcano
NuggetSayYou,ImAmberHahn
NuggetSayYou,FoxNews
NuggetSayYou,SalVulcano
tumurbaatarm,FoxNews
ImDiabetus,FoxNews
Moon_Melanie,FoxNews
BeddounIssm,businessinsider
ocblues,businessinsider
FelixRode,businessinsider
jooilong,BBCBreaking
Dip_low_matik,ThinkKu
Dip_low_matik,BBCBreaking
ThinkKu,BBCBreaking
Messenger_Augur,BBCBreaking
esterjose87,BBCBreaking
murkyhorse,BBCBreaking
jannikmeier,BBCBreaking
annie_lise,BBCBreaking
annie_lise,jszanto
monyodom,BBCBreaking
Messenger_Augur,BBCBreaking
dentet1,BBCBreaking
Sbiauhs,ImHaytham
Sbiauhs,MuslimMatters
danamorim,ImHaytham
thepond99,ImHaytham
thepond99,MuslimMatters
khadijah_davies,ImHaytham
khadijah_davies,MuslimMatters
zfnd,suspensewriter7
maryemsahibzada,ImHaytham
maryemsahibzada,MuslimMatters
rangerfit,ImHaytham
rangerfit,MuslimMatters
aeon456,ImHaytham
green_eyed81,ImHaytham
MrSyedAbrar,ImHaytham
zfnd,suspensewriter7
suspensewriter7,ImHaytham
suspensewriter7,zfnd
suspensewriter7,zfnd
char_142,ImHaytham
Zeuchon,ImHaytham
ImHaytham,suspensewriter7
aeon456,ImHaytham
suspensewriter7,zfnd
zfnd,suspensewriter7
RobPulseNews,g_rapier
LexRuirie,RobPulseNews
LexRuirie,germanwings
LexRuirie,AsmGhzl1
RobPulseNews,RobDotUk
RobDotUk,RobPulseNews
RobPulseNews,RobDotUk
avdesh70599595,upma23
avdesh70599595,DrShobha
kailashwg,DrShobha
kailashwg,DrGPradhan
upma23,DrShobha
kailashwg,DrShobha
kailashwg,IndiaBTL
RagiingBull,DrShobha
SharmadineshS,DrShobha
HawalaKejriwal,DrShobha
DigestionResist,rvaidya2000
DigestionResist,DrShobha
Sadashivsbhuma,upma23
Sadashivsbhuma,DrShobha
DrShobha,rvaidya2000
SharmadineshS,upma23
SharmadineshS,DrShobha
ravikadv1,DrShobha
kailashwg,DrShobha
kamshettysp,rvaidya2000
kamshettysp,DrShobha
kailashwg,DrShobha
kailashwg,mediacrooks
HawalaKejriwal,DrShobha
seasoul28,ganeshmahnar
seasoul28,rvaidya2000
seasoul28,DrShobha
sachinssakpal22,kailashwg
sachinssakpal22,DrShobha
sachinssakpal22,DrGPradhan
KalyanDeb,ganeshmahnar
KalyanDeb,rvaidya2000
KalyanDeb,DrShobha
ShubhamBhuyaat,ganeshmahnar
ShubhamBhuyaat,rvaidya2000
ShubhamBhuyaat,DrShobha
HawalaKejriwal,DrShobha
rvaidya2000,DrShobha
ganeshmahnar,rvaidya2000
ganeshmahnar,DrShobha
supratimsingha,DrShobha
visaraj,rvaidya2000
visaraj,DrShobha
thinkinghashtag,DrShobha
ganeshmahnar,ShubhamBhuyaat
ganeshmahnar,rvaidya2000
ganeshmahnar,DrShobha
thefluffa,thatjohn
tremans,thatjohn
tremans,mschenk
esconorg,CNBCnow
esconorg,CNBC
delenaftdobrev,CNBCnow
delenaftdobrev,erikdurmm
delenaftdobrev,nicolesrichie
delenaftdobrev,delenasanarchy
brunin_,thejournal_ie
rebel1916,thejournal_ie
LeifQuitlong,TorontoStar
SirScatters,TorontoStar
EsraCeceli,SkyNewsAust
GenesisSamayoa,NBCNews
plmarcon,NBCNews
volkz_20,NBCNews
volkz_20,Mao_A_Moon
caliano7,NBCNews
caliano7,drunkBills
ynachimson40,NBCNews
alana_austin,NBCNews
radford_c,NBCNews
CorralCarina,NBCNews
LauraPeynado,NBCNews
Mao_A_Moon,volkz_20
Mao_A_Moon,NBCNews
YusufPeaceful,slone
rivo_land122,slone
AsiaReportcom,slone
b_roelf,slone
mickdownsouth,slone
ocblues,slone
ocblues,mgillaspie
alfiearshad,ChannelNewsAsia
alfiearshad,NajibRazak
phoom91,ChannelNewsAsia
scottcossfield,NYCAviation
scottcossfield,minefornothing
awdnewsgerman,NYCAviation
axelmojave,myfoxla
FactsVsOpinion,phyzal25
phyzal25,JeremyAEllis
JeremyAEllis,phyzal25
phyzal25,JeremyAEllis
phyzal25,phyzal25
OjitosNyc,champ_ian
champ_ian,fhollande
barcanetwork,champ_ian
TheSwiss_,champ_ian
muthakufr,Zacardo
muthakufr,cnni
muthakufr,Zacardo
muthakufr,cnni
Zacardo,muthakufr
Zacardo,cnni
NewsCoverUp,cnni
Zacardo,muthakufr
Zacardo,cnni
muthakufr,Zacardo
muthakufr,cnni
Zacardo,muthakufr
Zacardo,cnni
Real_Talk_News,cnni
psychonemesisx,cnni
survivinglife3,cnni
imepasini1,cnni
Zacardo,muthakufr
Zacardo,cnni
Zacardo,muthakufr
Zacardo,cnni
cesarharryrodri,cnni
johngulu,cnni
horrocksbrian45,cnni
muthakufr,Zacardo
muthakufr,cnni
LeifQuitlong,horrocksbrian45
LeifQuitlong,cnni
Zacardo,cnni
Forerator,cnni
Forerator,PabsNYC
muthakufr,Zacardo
muthakufr,cnni
diwanijones,cnni
citizen300m,cnni
Psychomum2015,cnni
muthakufr,Zacardo
muthakufr,Zacardo
muthakufr,cnni
Zacardo,muthakufr
Zacardo,cnni
imepasini1,cnni
